product_id,price,demand_index,recorded_at
1,80.47,0.7001,2025-09-30
1,,0.5971,2025-10-01
1,81.86,0.5955,2025-10-02
1,83.81,0.735,2025-10-03
1,84.02,0.6931,2025-10-04
1,84.22,0.7821,2025-10-05
1,86.25,0.776,2025-10-06
1,87.46,0.7445,2025-10-07
1,87.38,0.6937,2025-10-08
1,,0.6502,2025-10-09
1,88.21,0.7442,2025-10-10
1,88.07,0.8555,2025-10-11
1,,0.8098,2025-10-12
1,86.9,0.6971,2025-10-13
1,85.37,0.813,2025-10-14
1,85.03,0.8308,2025-10-15
1,84.2,0.7285,2025-10-16
1,84.7,,2025-10-17
1,83.92,0.7973,2025-10-18
1,,0.6956,2025-10-19
1,84.16,0.8085,2025-10-20
1,84.0,0.8162,2025-10-21
1,84.09,0.8481,2025-10-22
1,82.66,0.8347,2025-10-23
1,82.09,0.628,2025-10-24
1,82.14,0.65,2025-10-25
1,80.91,0.7522,2025-10-26
1,81.16,,2025-10-27
1,80.44,0.7224,2025-10-28
1,79.98,0.9739,2025-10-29
1,79.21,0.6957,2025-10-30
1,80.75,0.7252,2025-10-31
1,80.49,0.6951,2025-11-01
1,79.2,0.6558,2025-11-02
1,79.69,0.5638,2025-11-03
1,78.21,0.6357,2025-11-04
1,78.08,0.5,2025-11-05
1,75.91,0.5307,2025-11-06
1,74.35,0.4997,2025-11-07
1,74.16,0.5352,2025-11-08
1,74.45,0.7053,2025-11-09
1,,0.3636,2025-11-10
1,73.72,0.5622,2025-11-11
1,73.05,0.3743,2025-11-12
1,71.36,,2025-11-13
1,70.35,0.5871,2025-11-14
1,69.58,0.506,2025-11-15
1,70.06,0.4171,2025-11-16
1,69.96,0.4501,2025-11-17
1,68.1,0.5673,2025-11-18
1,68.0,0.4617,2025-11-19
1,67.32,0.546,2025-11-20
1,66.43,0.5422,2025-11-21
1,66.58,0.4975,2025-11-22
1,67.08,0.7333,2025-11-23
1,67.52,0.6257,2025-11-24
1,66.54,0.427,2025-11-25
1,66.02,0.6186,2025-11-26
1,66.03,0.5659,2025-11-27
1,66.57,0.7025,2025-11-28
1,65.98,0.5866,2025-11-29
1,65.65,0.6565,2025-11-30
1,64.62,0.7216,2025-12-01
1,63.56,0.7656,2025-12-02
1,64.07,0.615,2025-12-03
1,65.03,0.6982,2025-12-04
1,64.92,0.7002,2025-12-05
1,,0.6981,2025-12-06
1,65.96,0.9027,2025-12-07
1,65.48,0.8038,2025-12-08
1,65.82,0.679,2025-12-09
1,67.12,0.8605,2025-12-10
1,67.2,0.9624,2025-12-11
1,68.6,0.8793,2025-12-12
1,66.61,0.6776,2025-12-13
1,67.46,0.7613,2025-12-14
1,67.74,0.9005,2025-12-15
1,67.74,0.7401,2025-12-16
1,68.07,0.8282,2025-12-17
1,66.72,0.849,2025-12-18
1,66.84,0.7057,2025-12-19
1,67.43,0.7666,2025-12-20
1,68.96,0.5022,2025-12-21
1,68.88,0.6684,2025-12-22
1,68.57,0.718,2025-12-23
1,68.52,0.6252,2025-12-24
1,69.65,0.8416,2025-12-25
1,70.31,0.5819,2025-12-26
1,70.26,0.646,2025-12-27
1,,,2025-12-28
1,71.57,0.7653,2025-12-29
1,72.81,0.5195,2025-12-30
1,72.59,0.7119,2025-12-31
1,72.7,0.6045,2026-01-01
1,72.74,0.5105,2026-01-02
1,71.84,0.612,2026-01-03
1,72.45,0.5778,2026-01-04
1,73.03,0.5016,2026-01-05
1,73.38,0.5441,2026-01-06
1,73.5,0.4978,2026-01-07
1,,0.5292,2026-01-08
1,72.47,0.5659,2026-01-09
1,72.44,0.6342,2026-01-10
1,71.98,0.4043,2026-01-11
1,72.07,0.6715,2026-01-12
1,72.62,0.3438,2026-01-13
1,74.44,0.4887,2026-01-14
1,74.76,0.5503,2026-01-15
1,75.12,0.5298,2026-01-16
1,75.16,0.4632,2026-01-17
1,73.51,,2026-01-18
1,73.54,0.4892,2026-01-19
1,73.62,0.4914,2026-01-20
1,75.8,0.6176,2026-01-21
1,75.59,0.5904,2026-01-22
1,75.81,0.5196,2026-01-23
1,75.7,0.661,2026-01-24
1,74.53,,2026-01-25
1,75.42,0.6838,2026-01-26
1,75.94,0.6847,2026-01-27
1,76.47,0.5837,2026-01-28
1,75.43,0.6209,2026-01-29
1,76.46,0.741,2026-01-30
1,74.92,0.7452,2026-01-31
1,,0.7093,2026-02-01
1,76.85,0.7344,2026-02-02
1,,0.8404,2026-02-03
1,74.77,0.703,2026-02-04
1,74.51,0.8052,2026-02-05
1,73.7,0.7552,2026-02-06
1,71.97,0.7625,2026-02-07
1,71.66,0.8749,2026-02-08
1,70.37,0.8587,2026-02-09
1,70.38,0.8618,2026-02-10
1,69.23,0.9036,2026-02-11
1,70.12,0.8017,2026-02-12
1,69.07,0.8537,2026-02-13
1,68.42,0.7719,2026-02-14
1,68.71,0.8186,2026-02-15
1,67.32,0.7766,2026-02-16
1,67.14,0.7877,2026-02-17
1,67.83,0.819,2026-02-18
1,66.17,0.696,2026-02-19
1,65.99,0.9178,2026-02-20
1,65.87,,2026-02-21
1,66.18,0.6279,2026-02-22
1,64.92,0.8037,2026-02-23
1,63.62,0.7597,2026-02-24
1,63.78,0.7311,2026-02-25
1,63.78,0.7159,2026-02-26
1,63.77,0.649,2026-02-27
1,63.86,0.5625,2026-02-28
1,63.18,0.6249,2026-03-01
1,63.23,0.5495,2026-03-02
1,63.34,0.667,2026-03-03
1,62.72,0.5632,2026-03-04
1,64.07,0.4958,2026-03-05
1,64.41,0.5239,2026-03-06
1,63.49,0.5716,2026-03-07
1,64.01,0.4835,2026-03-08
1,63.32,0.4543,2026-03-09
1,64.0,0.5325,2026-03-10
1,64.99,,2026-03-11
1,64.49,0.4627,2026-03-12
1,65.39,0.4631,2026-03-13
1,65.9,0.5186,2026-03-14
1,66.76,0.385,2026-03-15
1,68.52,0.3907,2026-03-16
1,68.58,0.4499,2026-03-17
1,68.24,0.4959,2026-03-18
1,67.81,0.545,2026-03-19
1,67.46,0.6467,2026-03-20
1,67.72,0.6071,2026-03-21
1,68.35,0.5368,2026-03-22
1,68.93,0.5603,2026-03-23
1,69.99,0.4948,2026-03-24
1,70.38,0.5875,2026-03-25
1,72.0,0.5806,2026-03-26
1,72.18,0.6446,2026-03-27
1,74.95,0.5681,2026-03-28
2,543.95,0.7471,2025-09-30
2,547.52,0.6545,2025-10-01
2,561.01,0.7523,2025-10-02
2,561.98,0.7551,2025-10-03
2,573.88,0.6279,2025-10-04
2,568.46,0.7652,2025-10-05
2,567.66,,2025-10-06
2,560.79,0.7528,2025-10-07
2,563.9,0.7539,2025-10-08
2,571.7,0.7645,2025-10-09
2,574.62,,2025-10-10
2,585.39,0.8333,2025-10-11
2,582.25,,2025-10-12
2,585.81,0.6774,2025-10-13
2,583.9,0.8387,2025-10-14
2,588.06,0.8579,2025-10-15
2,593.06,0.9832,2025-10-16
2,598.47,0.8828,2025-10-17
2,591.84,0.6407,2025-10-18
2,586.35,0.7933,2025-10-19
2,582.02,0.9248,2025-10-20
2,580.77,0.8212,2025-10-21
2,581.59,0.7878,2025-10-22
2,586.53,0.8224,2025-10-23
2,580.35,0.6884,2025-10-24
2,568.8,0.7632,2025-10-25
2,582.88,0.691,2025-10-26
2,574.15,0.6948,2025-10-27
2,578.88,0.7475,2025-10-28
2,577.87,0.5915,2025-10-29
2,578.2,0.753,2025-10-30
2,576.59,0.6005,2025-10-31
2,572.16,0.6397,2025-11-01
2,573.4,0.4916,2025-11-02
2,568.29,0.6466,2025-11-03
2,573.98,0.6907,2025-11-04
2,575.48,0.5207,2025-11-05
2,577.06,0.4608,2025-11-06
2,570.88,0.5608,2025-11-07
2,566.51,0.645,2025-11-08
2,555.64,0.4041,2025-11-09
2,550.42,0.4245,2025-11-10
2,540.69,0.471,2025-11-11
2,546.24,0.4377,2025-11-12
2,543.57,0.4354,2025-11-13
2,541.66,0.3325,2025-11-14
2,537.18,0.5479,2025-11-15
2,535.45,0.5304,2025-11-16
2,548.22,0.3714,2025-11-17
2,543.24,,2025-11-18
2,536.07,0.6546,2025-11-19
2,536.61,0.4686,2025-11-20
2,517.64,0.6319,2025-11-21
2,515.44,0.5038,2025-11-22
2,510.66,0.5763,2025-11-23
2,502.25,0.5081,2025-11-24
2,503.1,0.7661,2025-11-25
2,501.36,0.58,2025-11-26
2,488.64,0.6289,2025-11-27
2,483.15,0.5793,2025-11-28
2,464.93,0.7989,2025-11-29
2,465.25,0.8166,2025-11-30
2,,0.8117,2025-12-01
2,460.3,0.7729,2025-12-02
2,462.52,0.661,2025-12-03
2,454.82,,2025-12-04
2,449.17,,2025-12-05
2,451.23,0.8554,2025-12-06
2,447.5,0.8507,2025-12-07
2,447.35,0.7194,2025-12-08
2,444.7,0.8557,2025-12-09
2,443.07,0.8416,2025-12-10
2,441.85,0.5708,2025-12-11
2,439.01,0.8608,2025-12-12
2,441.68,0.7646,2025-12-13
2,439.59,0.7291,2025-12-14
2,441.07,0.7317,2025-12-15
2,438.75,0.7859,2025-12-16
2,432.32,0.8311,2025-12-17
2,438.86,0.6778,2025-12-18
2,443.43,0.7951,2025-12-19
2,457.72,0.8175,2025-12-20
2,454.18,0.9104,2025-12-21
2,455.33,0.6642,2025-12-22
2,457.0,0.7102,2025-12-23
2,464.9,0.7459,2025-12-24
2,464.59,0.8028,2025-12-25
2,460.6,0.672,2025-12-26
2,469.89,0.7771,2025-12-27
2,470.74,0.5107,2025-12-28
2,478.37,0.5497,2025-12-29
2,485.44,0.6622,2025-12-30
2,487.94,0.5059,2025-12-31
2,489.57,0.5097,2026-01-01
2,489.87,0.5468,2026-01-02
2,492.32,0.6367,2026-01-03
2,499.93,0.4102,2026-01-04
2,497.56,0.5633,2026-01-05
2,500.53,0.6212,2026-01-06
2,496.0,0.5131,2026-01-07
2,492.15,0.4906,2026-01-08
2,493.91,0.5451,2026-01-09
2,484.06,0.492,2026-01-10
2,497.71,,2026-01-11
2,492.1,0.4119,2026-01-12
2,493.23,0.4959,2026-01-13
2,501.37,0.5173,2026-01-14
2,497.23,0.473,2026-01-15
2,484.35,0.2776,2026-01-16
2,482.45,0.5001,2026-01-17
2,477.9,0.5921,2026-01-18
2,465.18,0.5909,2026-01-19
2,466.94,0.5669,2026-01-20
2,,0.4618,2026-01-21
2,474.35,0.5935,2026-01-22
2,467.63,0.5291,2026-01-23
2,458.16,,2026-01-24
2,455.27,0.6134,2026-01-25
2,453.98,0.5407,2026-01-26
2,,0.5629,2026-01-27
2,464.65,0.6784,2026-01-28
2,470.11,0.648,2026-01-29
2,470.22,0.614,2026-01-30
2,473.13,0.6225,2026-01-31
2,467.78,0.6867,2026-02-01
2,466.88,0.8504,2026-02-02
2,458.28,0.6961,2026-02-03
2,456.59,0.7492,2026-02-04
2,454.96,0.7696,2026-02-05
2,462.12,0.6809,2026-02-06
2,458.54,0.6389,2026-02-07
2,,0.7049,2026-02-08
2,455.53,0.8124,2026-02-09
2,450.59,0.8037,2026-02-10
2,443.8,0.8554,2026-02-11
2,448.22,0.8077,2026-02-12
2,440.47,0.7904,2026-02-13
2,431.03,0.7484,2026-02-14
2,432.13,0.8634,2026-02-15
2,435.72,0.7135,2026-02-16
2,431.01,0.6911,2026-02-17
2,,0.8167,2026-02-18
2,425.7,,2026-02-19
2,419.96,0.9436,2026-02-20
2,414.01,0.7446,2026-02-21
2,416.45,0.7528,2026-02-22
2,417.65,0.6463,2026-02-23
2,422.48,0.6711,2026-02-24
2,,0.647,2026-02-25
2,410.59,0.6223,2026-02-26
2,410.67,0.7006,2026-02-27
2,404.97,0.5984,2026-02-28
2,407.09,0.7002,2026-03-01
2,412.22,0.8167,2026-03-02
2,408.65,0.5653,2026-03-03
2,408.33,0.5872,2026-03-04
2,415.11,0.5922,2026-03-05
2,423.89,0.6946,2026-03-06
2,427.69,0.5319,2026-03-07
2,430.91,0.4623,2026-03-08
2,426.86,0.4188,2026-03-09
2,429.24,0.5083,2026-03-10
2,432.83,0.4715,2026-03-11
2,432.63,0.6641,2026-03-12
2,430.59,0.6424,2026-03-13
2,425.17,0.4173,2026-03-14
2,417.63,0.444,2026-03-15
2,409.3,0.5092,2026-03-16
2,413.72,,2026-03-17
2,,,2026-03-18
2,415.57,0.4683,2026-03-19
2,415.84,0.5239,2026-03-20
2,418.91,0.4882,2026-03-21
2,420.2,0.5978,2026-03-22
2,415.59,0.5051,2026-03-23
2,422.39,0.5342,2026-03-24
2,426.25,0.6819,2026-03-25
2,,0.5422,2026-03-26
2,436.73,0.5031,2026-03-27
2,434.89,0.6419,2026-03-28
3,39.79,0.6794,2025-09-30
3,39.87,0.4977,2025-10-01
3,40.56,0.7312,2025-10-02
3,41.23,0.7672,2025-10-03
3,40.83,0.6636,2025-10-04
3,41.07,,2025-10-05
3,40.92,0.8945,2025-10-06
3,40.5,0.7099,2025-10-07
3,40.59,0.6768,2025-10-08
3,40.61,0.8899,2025-10-09
3,41.97,0.9369,2025-10-10
3,42.36,0.7873,2025-10-11
3,41.81,0.8736,2025-10-12
3,41.67,0.904,2025-10-13
3,42.31,0.7398,2025-10-14
3,43.49,0.7612,2025-10-15
3,,0.8976,2025-10-16
3,41.89,0.9315,2025-10-17
3,42.91,0.8377,2025-10-18
3,43.17,0.7166,2025-10-19
3,42.77,0.9389,2025-10-20
3,43.07,0.7289,2025-10-21
3,41.72,0.7347,2025-10-22
3,,0.7778,2025-10-23
3,41.87,0.8625,2025-10-24
3,42.31,0.7933,2025-10-25
3,41.75,0.7442,2025-10-26
3,41.73,0.7334,2025-10-27
3,41.19,0.6847,2025-10-28
3,41.23,,2025-10-29
3,40.69,0.4476,2025-10-30
3,40.38,0.6106,2025-10-31
3,39.77,0.6381,2025-11-01
3,39.95,0.5116,2025-11-02
3,40.21,0.6199,2025-11-03
3,39.94,,2025-11-04
3,39.79,0.7023,2025-11-05
3,38.93,0.6755,2025-11-06
3,38.61,0.5013,2025-11-07
3,38.4,0.5166,2025-11-08
3,39.41,0.5142,2025-11-09
3,38.68,0.4768,2025-11-10
3,39.15,0.5229,2025-11-11
3,,0.4426,2025-11-12
3,39.32,0.4104,2025-11-13
3,39.93,0.5498,2025-11-14
3,39.88,0.5512,2025-11-15
3,39.85,0.4389,2025-11-16
3,,,2025-11-17
3,39.96,0.4624,2025-11-18
3,40.27,0.5403,2025-11-19
3,39.75,0.5943,2025-11-20
3,38.92,0.5358,2025-11-21
3,38.63,0.586,2025-11-22
3,38.07,0.5205,2025-11-23
3,37.87,,2025-11-24
3,38.26,0.5725,2025-11-25
3,37.9,0.5439,2025-11-26
3,37.73,0.6047,2025-11-27
3,37.63,0.5104,2025-11-28
3,37.89,0.6107,2025-11-29
3,36.76,0.6429,2025-11-30
3,36.41,0.6607,2025-12-01
3,36.42,,2025-12-02
3,36.89,0.7061,2025-12-03
3,36.62,0.7634,2025-12-04
3,35.77,0.8081,2025-12-05
3,,0.6984,2025-12-06
3,35.74,0.6652,2025-12-07
3,35.25,0.688,2025-12-08
3,35.01,0.7409,2025-12-09
3,34.98,0.7589,2025-12-10
3,34.78,0.7311,2025-12-11
3,33.93,0.693,2025-12-12
3,34.38,0.7627,2025-12-13
3,35.01,0.8145,2025-12-14
3,35.39,0.8468,2025-12-15
3,35.03,0.7521,2025-12-16
3,35.08,0.7596,2025-12-17
3,35.22,0.7129,2025-12-18
3,35.63,0.7774,2025-12-19
3,36.09,0.7035,2025-12-20
3,35.94,0.8073,2025-12-21
3,36.16,0.6075,2025-12-22
3,36.55,0.7094,2025-12-23
3,37.38,0.7491,2025-12-24
3,37.91,0.7257,2025-12-25
3,38.48,0.9118,2025-12-26
3,38.73,0.7092,2025-12-27
3,39.61,0.5854,2025-12-28
3,40.03,0.6424,2025-12-29
3,39.83,0.4922,2025-12-30
3,40.73,0.6124,2025-12-31
3,41.29,0.537,2026-01-01
3,41.29,0.6622,2026-01-02
3,41.27,0.531,2026-01-03
3,41.62,0.5525,2026-01-04
3,42.06,0.4988,2026-01-05
3,42.35,0.6776,2026-01-06
3,42.7,0.5029,2026-01-07
3,43.75,0.6667,2026-01-08
3,44.49,0.5781,2026-01-09
3,44.76,0.5459,2026-01-10
3,45.42,0.5328,2026-01-11
3,44.99,0.5323,2026-01-12
3,45.33,0.3458,2026-01-13
3,46.43,0.4785,2026-01-14
3,46.41,,2026-01-15
3,46.02,0.5034,2026-01-16
3,45.72,0.4006,2026-01-17
3,45.17,0.5159,2026-01-18
3,44.78,0.665,2026-01-19
3,44.6,0.6383,2026-01-20
3,43.84,0.5447,2026-01-21
3,43.84,0.6379,2026-01-22
3,44.28,0.5457,2026-01-23
3,43.75,0.4527,2026-01-24
3,,,2026-01-25
3,44.68,0.7438,2026-01-26
3,45.13,0.6124,2026-01-27
3,,0.6305,2026-01-28
3,45.0,0.6417,2026-01-29
3,44.27,0.8335,2026-01-30
3,44.6,0.8264,2026-01-31
3,44.52,0.8885,2026-02-01
3,44.64,,2026-02-02
3,43.83,0.7618,2026-02-03
3,43.17,0.629,2026-02-04
3,43.28,0.8796,2026-02-05
3,42.58,0.6779,2026-02-06
3,42.6,0.7972,2026-02-07
3,41.68,0.6992,2026-02-08
3,41.88,0.7455,2026-02-09
3,41.04,0.7297,2026-02-10
3,41.09,0.7505,2026-02-11
3,41.16,0.7569,2026-02-12
3,40.59,,2026-02-13
3,40.65,,2026-02-14
3,40.55,0.7043,2026-02-15
3,40.06,0.8047,2026-02-16
3,39.36,0.8773,2026-02-17
3,38.23,0.7303,2026-02-18
3,38.19,0.704,2026-02-19
3,37.29,0.7319,2026-02-20
3,37.15,,2026-02-21
3,36.86,0.7405,2026-02-22
3,37.0,0.6685,2026-02-23
3,36.71,0.7351,2026-02-24
3,36.43,0.593,2026-02-25
3,36.62,0.7202,2026-02-26
3,36.65,,2026-02-27
3,36.69,0.6097,2026-02-28
3,36.8,0.5517,2026-03-01
3,36.05,0.5327,2026-03-02
3,36.32,0.6318,2026-03-03
3,36.54,0.6733,2026-03-04
3,36.06,0.5108,2026-03-05
3,35.94,,2026-03-06
3,35.92,0.3716,2026-03-07
3,35.88,0.4819,2026-03-08
3,36.06,0.5176,2026-03-09
3,36.72,0.4402,2026-03-10
3,37.26,0.4324,2026-03-11
3,36.75,,2026-03-12
3,37.11,0.5242,2026-03-13
3,37.81,0.485,2026-03-14
3,38.11,0.3218,2026-03-15
3,,0.3336,2026-03-16
3,39.83,0.4588,2026-03-17
3,40.49,0.5496,2026-03-18
3,40.79,0.3003,2026-03-19
3,41.49,0.4887,2026-03-20
3,41.76,0.4964,2026-03-21
3,41.99,0.6607,2026-03-22
3,42.03,0.531,2026-03-23
3,43.04,0.6056,2026-03-24
3,42.85,0.6003,2026-03-25
3,43.88,0.4332,2026-03-26
3,44.39,0.6803,2026-03-27
3,43.89,0.6516,2026-03-28
4,129.67,,2025-09-30
4,130.74,0.6934,2025-10-01
4,133.94,0.7978,2025-10-02
4,134.78,0.5767,2025-10-03
4,134.46,0.7172,2025-10-04
4,133.71,0.7349,2025-10-05
4,133.01,,2025-10-06
4,131.31,0.7807,2025-10-07
4,133.4,0.8508,2025-10-08
4,130.4,0.892,2025-10-09
4,131.72,0.76,2025-10-10
4,130.86,0.9872,2025-10-11
4,130.53,0.628,2025-10-12
4,129.56,0.8252,2025-10-13
4,132.22,0.6862,2025-10-14
4,132.61,0.8072,2025-10-15
4,134.2,0.7574,2025-10-16
4,136.58,0.8373,2025-10-17
4,137.09,0.7825,2025-10-18
4,135.32,0.721,2025-10-19
4,135.11,0.7191,2025-10-20
4,,0.9259,2025-10-21
4,133.24,0.797,2025-10-22
4,133.09,0.6142,2025-10-23
4,132.82,0.7822,2025-10-24
4,133.38,0.7094,2025-10-25
4,134.13,0.7114,2025-10-26
4,133.72,0.7619,2025-10-27
4,134.13,0.7758,2025-10-28
4,132.97,0.597,2025-10-29
4,134.74,0.6476,2025-10-30
4,133.45,0.5906,2025-10-31
4,134.95,0.6666,2025-11-01
4,132.11,0.5851,2025-11-02
4,131.03,0.5913,2025-11-03
4,130.0,0.5534,2025-11-04
4,129.88,0.5533,2025-11-05
4,130.65,,2025-11-06
4,128.09,0.7298,2025-11-07
4,125.78,0.5588,2025-11-08
4,123.04,0.5121,2025-11-09
4,124.34,0.3853,2025-11-10
4,124.13,0.4465,2025-11-11
4,121.85,0.4931,2025-11-12
4,120.54,0.4436,2025-11-13
4,121.57,0.4512,2025-11-14
4,120.48,0.6269,2025-11-15
4,119.33,0.5056,2025-11-16
4,117.55,0.5168,2025-11-17
4,115.47,0.459,2025-11-18
4,116.47,,2025-11-19
4,118.18,0.5116,2025-11-20
4,116.17,0.4969,2025-11-21
4,117.54,0.4232,2025-11-22
4,116.29,0.5569,2025-11-23
4,116.49,0.5308,2025-11-24
4,117.94,0.7238,2025-11-25
4,117.25,0.7512,2025-11-26
4,116.35,0.52,2025-11-27
4,117.05,0.5445,2025-11-28
4,115.13,0.6279,2025-11-29
4,116.39,0.6004,2025-11-30
4,116.3,0.6986,2025-12-01
4,115.25,0.6702,2025-12-02
4,,0.7335,2025-12-03
4,112.19,0.8063,2025-12-04
4,111.37,0.653,2025-12-05
4,110.97,0.83,2025-12-06
4,109.56,0.7032,2025-12-07
4,109.55,0.9432,2025-12-08
4,110.26,0.9096,2025-12-09
4,110.12,0.778,2025-12-10
4,111.18,0.7156,2025-12-11
4,110.33,,2025-12-12
4,111.93,0.8691,2025-12-13
4,112.41,0.7976,2025-12-14
4,114.86,0.8733,2025-12-15
4,118.61,0.9731,2025-12-16
4,118.39,0.731,2025-12-17
4,118.26,0.6886,2025-12-18
4,118.43,0.7953,2025-12-19
4,119.83,0.8629,2025-12-20
4,122.33,0.6862,2025-12-21
4,121.98,0.7531,2025-12-22
4,123.18,0.8478,2025-12-23
4,123.64,0.5944,2025-12-24
4,125.24,0.7298,2025-12-25
4,,0.6531,2025-12-26
4,128.56,0.6911,2025-12-27
4,,0.7225,2025-12-28
4,128.54,0.6677,2025-12-29
4,127.96,0.5535,2025-12-30
4,128.45,0.5787,2025-12-31
4,130.37,0.7178,2026-01-01
4,131.53,0.6153,2026-01-02
4,132.05,0.6422,2026-01-03
4,131.8,0.5819,2026-01-04
4,127.83,0.6144,2026-01-05
4,129.5,0.5068,2026-01-06
4,129.68,0.4672,2026-01-07
4,132.59,0.5812,2026-01-08
4,133.75,0.6032,2026-01-09
4,133.37,0.4342,2026-01-10
4,135.54,0.4572,2026-01-11
4,137.83,0.4878,2026-01-12
4,137.85,0.6296,2026-01-13
4,140.17,0.5459,2026-01-14
4,139.53,0.3974,2026-01-15
4,140.05,0.4999,2026-01-16
4,141.21,0.4933,2026-01-17
4,142.69,0.4262,2026-01-18
4,143.86,,2026-01-19
4,143.34,0.5153,2026-01-20
4,145.22,0.5207,2026-01-21
4,144.95,0.5292,2026-01-22
4,143.86,0.6927,2026-01-23
4,142.75,,2026-01-24
4,145.86,0.6076,2026-01-25
4,144.3,0.6141,2026-01-26
4,146.23,,2026-01-27
4,143.89,0.6564,2026-01-28
4,144.33,0.6709,2026-01-29
4,144.4,0.6876,2026-01-30
4,146.71,0.6276,2026-01-31
4,145.02,0.6945,2026-02-01
4,142.84,0.7858,2026-02-02
4,,0.7238,2026-02-03
4,144.24,0.7633,2026-02-04
4,142.05,0.7748,2026-02-05
4,136.97,0.8047,2026-02-06
4,136.38,0.8246,2026-02-07
4,137.22,0.7731,2026-02-08
4,,0.7198,2026-02-09
4,135.47,0.6992,2026-02-10
4,133.05,,2026-02-11
4,132.08,0.8616,2026-02-12
4,132.53,0.8511,2026-02-13
4,129.91,0.8616,2026-02-14
4,129.47,0.7797,2026-02-15
4,130.63,,2026-02-16
4,130.66,0.7015,2026-02-17
4,128.84,,2026-02-18
4,130.51,0.8584,2026-02-19
4,130.88,0.7109,2026-02-20
4,127.34,0.8226,2026-02-21
4,128.07,0.71,2026-02-22
4,126.63,0.6569,2026-02-23
4,126.41,0.6088,2026-02-24
4,127.45,0.6341,2026-02-25
4,126.17,0.7791,2026-02-26
4,123.28,,2026-02-27
4,125.16,0.8037,2026-02-28
4,126.6,0.5516,2026-03-01
4,126.2,0.6636,2026-03-02
4,127.28,0.5774,2026-03-03
4,126.56,0.5494,2026-03-04
4,126.6,0.4601,2026-03-05
4,126.33,0.5418,2026-03-06
4,125.83,0.4459,2026-03-07
4,126.42,0.3941,2026-03-08
4,124.7,0.5297,2026-03-09
4,124.48,0.4621,2026-03-10
4,125.15,0.6421,2026-03-11
4,128.18,0.5833,2026-03-12
4,126.69,0.6366,2026-03-13
4,127.85,0.4455,2026-03-14
4,129.22,0.5117,2026-03-15
4,126.76,0.2936,2026-03-16
4,127.87,0.4848,2026-03-17
4,129.75,0.5208,2026-03-18
4,131.24,0.5324,2026-03-19
4,131.72,0.5253,2026-03-20
4,132.89,0.5439,2026-03-21
4,,0.3326,2026-03-22
4,,0.5823,2026-03-23
4,132.81,0.6137,2026-03-24
4,132.95,0.696,2026-03-25
4,132.56,0.6331,2026-03-26
4,,0.6084,2026-03-27
4,140.12,0.7227,2026-03-28
5,30.39,0.598,2025-09-30
5,30.49,0.6423,2025-10-01
5,30.93,0.7258,2025-10-02
5,31.23,0.6368,2025-10-03
5,31.53,0.5265,2025-10-04
5,31.59,0.6044,2025-10-05
5,31.28,0.6628,2025-10-06
5,31.01,0.8158,2025-10-07
5,31.42,,2025-10-08
5,31.57,0.7676,2025-10-09
5,31.65,0.6943,2025-10-10
5,31.61,0.7541,2025-10-11
5,31.61,0.6845,2025-10-12
5,32.12,0.6293,2025-10-13
5,32.09,0.7592,2025-10-14
5,31.66,0.7524,2025-10-15
5,32.02,0.7769,2025-10-16
5,32.01,0.6957,2025-10-17
5,32.08,0.6447,2025-10-18
5,32.74,0.5623,2025-10-19
5,,0.7455,2025-10-20
5,32.91,0.7053,2025-10-21
5,32.45,0.5842,2025-10-22
5,32.37,0.6073,2025-10-23
5,32.59,0.6008,2025-10-24
5,31.96,,2025-10-25
5,32.0,0.5456,2025-10-26
5,32.0,0.5056,2025-10-27
5,31.96,0.5482,2025-10-28
5,32.28,0.5066,2025-10-29
5,32.33,0.4198,2025-10-30
5,,0.6961,2025-10-31
5,32.33,,2025-11-01
5,32.27,0.4413,2025-11-02
5,32.18,0.5108,2025-11-03
5,31.65,0.5084,2025-11-04
5,31.88,0.5571,2025-11-05
5,32.62,0.3841,2025-11-06
5,32.46,0.5259,2025-11-07
5,32.5,0.3848,2025-11-08
5,32.37,0.3132,2025-11-09
5,31.93,0.4709,2025-11-10
5,31.06,0.5106,2025-11-11
5,30.63,0.6103,2025-11-12
5,,0.3048,2025-11-13
5,30.4,0.4559,2025-11-14
5,30.19,0.368,2025-11-15
5,29.9,0.4659,2025-11-16
5,30.05,0.2897,2025-11-17
5,29.48,0.3119,2025-11-18
5,29.05,0.358,2025-11-19
5,28.92,0.435,2025-11-20
5,29.12,0.3872,2025-11-21
5,29.15,0.5024,2025-11-22
5,29.1,0.544,2025-11-23
5,28.99,0.523,2025-11-24
5,29.0,,2025-11-25
5,28.95,0.5369,2025-11-26
5,28.49,0.4215,2025-11-27
5,28.4,0.6434,2025-11-28
5,27.95,0.5016,2025-11-29
5,27.89,0.6385,2025-11-30
5,,0.7071,2025-12-01
5,28.45,0.6329,2025-12-02
5,28.39,0.4913,2025-12-03
5,27.88,0.5515,2025-12-04
5,27.81,0.744,2025-12-05
5,27.97,0.6368,2025-12-06
5,,0.6678,2025-12-07
5,28.34,0.7321,2025-12-08
5,27.83,0.7356,2025-12-09
5,28.13,0.7093,2025-12-10
5,27.71,0.676,2025-12-11
5,27.63,0.6717,2025-12-12
5,27.61,0.7678,2025-12-13
5,27.66,0.7443,2025-12-14
5,27.98,0.6786,2025-12-15
5,27.85,0.7833,2025-12-16
5,27.86,0.6823,2025-12-17
5,27.97,0.6189,2025-12-18
5,28.15,0.6192,2025-12-19
5,28.31,0.5931,2025-12-20
5,28.6,0.6397,2025-12-21
5,,0.7491,2025-12-22
5,29.32,0.5738,2025-12-23
5,29.64,0.6401,2025-12-24
5,29.23,0.5585,2025-12-25
5,29.41,0.5755,2025-12-26
5,29.75,0.4604,2025-12-27
5,30.18,0.548,2025-12-28
5,30.1,0.5345,2025-12-29
5,30.02,0.5775,2025-12-30
5,29.98,0.5367,2025-12-31
5,30.34,0.4078,2026-01-01
5,30.88,0.5757,2026-01-02
5,30.89,0.4918,2026-01-03
5,31.38,0.4777,2026-01-04
5,31.58,0.4489,2026-01-05
5,31.68,0.3971,2026-01-06
5,31.74,0.4461,2026-01-07
5,32.16,0.4581,2026-01-08
5,32.41,0.2732,2026-01-09
5,33.42,0.3642,2026-01-10
5,33.19,0.3829,2026-01-11
5,33.5,,2026-01-12
5,33.38,0.4955,2026-01-13
5,33.11,0.3391,2026-01-14
5,33.18,0.3634,2026-01-15
5,33.29,0.3663,2026-01-16
5,34.51,0.3488,2026-01-17
5,34.47,0.3923,2026-01-18
5,34.02,0.4903,2026-01-19
5,34.15,0.3542,2026-01-20
5,33.3,0.4839,2026-01-21
5,33.25,0.3257,2026-01-22
5,33.23,,2026-01-23
5,33.51,0.4626,2026-01-24
5,33.86,0.6376,2026-01-25
5,33.59,0.4968,2026-01-26
5,33.46,0.3582,2026-01-27
5,33.07,,2026-01-28
5,32.53,0.5684,2026-01-29
5,32.55,0.6303,2026-01-30
5,31.95,,2026-01-31
5,31.67,0.6244,2026-02-01
5,31.17,0.718,2026-02-02
5,31.25,0.595,2026-02-03
5,31.78,0.722,2026-02-04
5,31.14,0.5309,2026-02-05
5,30.3,0.599,2026-02-06
5,30.1,0.5353,2026-02-07
5,29.95,0.665,2026-02-08
5,29.87,0.689,2026-02-09
5,29.55,0.7059,2026-02-10
5,29.32,0.7041,2026-02-11
5,29.28,,2026-02-12
5,,0.684,2026-02-13
5,28.63,0.5769,2026-02-14
5,28.35,0.8017,2026-02-15
5,28.26,0.6627,2026-02-16
5,27.8,0.6408,2026-02-17
5,28.23,0.7985,2026-02-18
5,27.86,0.5621,2026-02-19
5,27.71,0.5603,2026-02-20
5,27.76,0.5505,2026-02-21
5,27.44,0.6196,2026-02-22
5,26.71,0.6455,2026-02-23
5,26.46,0.6555,2026-02-24
5,26.69,0.7869,2026-02-25
5,26.49,0.3857,2026-02-26
5,26.14,0.5987,2026-02-27
5,26.35,0.4898,2026-02-28
5,26.18,0.4719,2026-03-01
5,25.97,0.4541,2026-03-02
5,25.97,0.4163,2026-03-03
5,26.18,0.6098,2026-03-04
5,26.91,0.5292,2026-03-05
5,27.16,0.4515,2026-03-06
5,27.54,0.5466,2026-03-07
5,27.38,0.3076,2026-03-08
5,27.07,0.3136,2026-03-09
5,27.12,0.2387,2026-03-10
5,27.2,0.3514,2026-03-11
5,26.91,0.4162,2026-03-12
5,26.92,0.4091,2026-03-13
5,27.12,0.4119,2026-03-14
5,27.33,0.2879,2026-03-15
5,27.59,0.4675,2026-03-16
5,27.79,0.4265,2026-03-17
5,27.73,0.4716,2026-03-18
5,27.69,0.2687,2026-03-19
5,27.41,0.4536,2026-03-20
5,28.14,0.3435,2026-03-21
5,28.28,0.4178,2026-03-22
5,28.35,0.5046,2026-03-23
5,28.19,,2026-03-24
5,29.34,0.4209,2026-03-25
5,29.12,0.5041,2026-03-26
5,29.13,0.3963,2026-03-27
5,29.44,0.6263,2026-03-28
6,70.11,0.5972,2025-09-30
6,69.19,0.7689,2025-10-01
6,69.12,0.5867,2025-10-02
6,70.43,0.7324,2025-10-03
6,,0.4624,2025-10-04
6,70.69,0.5119,2025-10-05
6,71.19,0.7098,2025-10-06
6,71.34,0.5111,2025-10-07
6,71.43,0.6457,2025-10-08
6,71.32,0.7647,2025-10-09
6,71.28,0.72,2025-10-10
6,72.36,0.6879,2025-10-11
6,72.25,0.6567,2025-10-12
6,74.06,0.7129,2025-10-13
6,74.56,0.7454,2025-10-14
6,74.25,0.6471,2025-10-15
6,75.3,0.7289,2025-10-16
6,76.02,0.783,2025-10-17
6,74.65,0.6749,2025-10-18
6,73.83,0.6925,2025-10-19
6,73.8,0.7186,2025-10-20
6,72.45,0.7155,2025-10-21
6,74.3,0.7317,2025-10-22
6,75.03,0.5692,2025-10-23
6,74.99,0.5959,2025-10-24
6,74.63,0.5856,2025-10-25
6,74.01,0.5387,2025-10-26
6,72.17,0.4525,2025-10-27
6,70.54,0.3208,2025-10-28
6,72.0,0.6613,2025-10-29
6,73.18,0.4257,2025-10-30
6,72.47,0.6596,2025-10-31
6,73.03,0.578,2025-11-01
6,73.23,0.4712,2025-11-02
6,73.51,0.5383,2025-11-03
6,71.97,0.509,2025-11-04
6,70.11,0.3737,2025-11-05
6,70.79,0.4484,2025-11-06
6,68.79,0.3601,2025-11-07
6,68.33,0.481,2025-11-08
6,67.69,0.3629,2025-11-09
6,66.97,0.4052,2025-11-10
6,66.87,0.3962,2025-11-11
6,65.96,0.413,2025-11-12
6,,0.5338,2025-11-13
6,65.66,0.3807,2025-11-14
6,66.94,0.4983,2025-11-15
6,65.46,0.4417,2025-11-16
6,65.12,0.5208,2025-11-17
6,65.09,,2025-11-18
6,64.54,0.4758,2025-11-19
6,63.17,0.4239,2025-11-20
6,63.79,0.1994,2025-11-21
6,63.72,0.3624,2025-11-22
6,,0.5084,2025-11-23
6,62.49,0.5163,2025-11-24
6,63.49,0.3854,2025-11-25
6,63.2,0.5213,2025-11-26
6,62.95,0.5591,2025-11-27
6,63.91,,2025-11-28
6,62.97,0.6083,2025-11-29
6,64.09,0.6131,2025-11-30
6,64.68,0.5784,2025-12-01
6,63.83,0.5555,2025-12-02
6,63.22,0.6944,2025-12-03
6,62.74,0.6621,2025-12-04
6,61.31,0.5277,2025-12-05
6,61.47,0.668,2025-12-06
6,60.82,,2025-12-07
6,61.07,0.5942,2025-12-08
6,60.17,0.6278,2025-12-09
6,60.92,0.6906,2025-12-10
6,61.56,0.7226,2025-12-11
6,61.16,0.664,2025-12-12
6,61.58,0.67,2025-12-13
6,61.81,0.6597,2025-12-14
6,63.11,0.783,2025-12-15
6,62.55,0.4685,2025-12-16
6,62.67,0.668,2025-12-17
6,62.45,0.8106,2025-12-18
6,62.76,0.7213,2025-12-19
6,63.45,0.7727,2025-12-20
6,63.26,0.4987,2025-12-21
6,63.3,0.551,2025-12-22
6,64.37,0.6793,2025-12-23
6,65.77,0.7491,2025-12-24
6,66.52,,2025-12-25
6,66.78,0.5653,2025-12-26
6,66.96,0.6133,2025-12-27
6,67.78,0.4495,2025-12-28
6,68.35,0.5917,2025-12-29
6,67.37,0.3203,2025-12-30
6,68.21,0.5582,2025-12-31
6,67.87,0.424,2026-01-01
6,67.07,0.4532,2026-01-02
6,66.07,0.5272,2026-01-03
6,66.23,0.4976,2026-01-04
6,65.74,0.449,2026-01-05
6,64.2,0.5161,2026-01-06
6,64.21,0.2926,2026-01-07
6,64.1,0.4364,2026-01-08
6,64.24,0.3498,2026-01-09
6,63.99,0.4808,2026-01-10
6,,0.4582,2026-01-11
6,66.22,0.4587,2026-01-12
6,66.01,0.5316,2026-01-13
6,66.12,,2026-01-14
6,67.39,0.3907,2026-01-15
6,68.28,0.4072,2026-01-16
6,67.23,,2026-01-17
6,66.52,0.431,2026-01-18
6,65.94,0.4851,2026-01-19
6,65.62,0.2601,2026-01-20
6,65.15,0.6001,2026-01-21
6,65.15,0.4667,2026-01-22
6,65.68,,2026-01-23
6,66.32,0.4159,2026-01-24
6,65.97,0.3333,2026-01-25
6,64.56,0.4316,2026-01-26
6,63.62,0.5229,2026-01-27
6,63.06,0.6712,2026-01-28
6,61.95,0.5985,2026-01-29
6,62.61,0.5998,2026-01-30
6,61.51,0.5055,2026-01-31
6,61.74,0.5451,2026-02-01
6,60.26,0.5652,2026-02-02
6,60.48,0.5817,2026-02-03
6,60.11,0.6222,2026-02-04
6,60.92,0.6394,2026-02-05
6,59.8,0.6442,2026-02-06
6,59.1,0.6262,2026-02-07
6,58.53,0.6978,2026-02-08
6,58.11,0.6675,2026-02-09
6,57.56,0.5691,2026-02-10
6,57.02,0.7019,2026-02-11
6,,0.6907,2026-02-12
6,54.76,0.5728,2026-02-13
6,55.1,0.6494,2026-02-14
6,56.67,0.7404,2026-02-15
6,56.56,0.5961,2026-02-16
6,55.49,,2026-02-17
6,54.51,0.6454,2026-02-18
6,54.63,0.7113,2026-02-19
6,54.6,0.7952,2026-02-20
6,54.15,0.6909,2026-02-21
6,54.39,0.7118,2026-02-22
6,52.81,0.6387,2026-02-23
6,53.07,0.5415,2026-02-24
6,53.02,0.6333,2026-02-25
6,52.2,0.5588,2026-02-26
6,51.14,0.5802,2026-02-27
6,51.07,0.4586,2026-02-28
6,51.81,0.5561,2026-03-01
6,,0.494,2026-03-02
6,50.95,,2026-03-03
6,51.0,0.4682,2026-03-04
6,52.07,0.4397,2026-03-05
6,52.32,0.4884,2026-03-06
6,52.65,0.406,2026-03-07
6,53.45,0.3016,2026-03-08
6,53.8,0.2702,2026-03-09
6,53.36,0.4277,2026-03-10
6,52.33,0.3716,2026-03-11
6,51.86,0.2649,2026-03-12
6,51.3,,2026-03-13
6,51.85,0.3925,2026-03-14
6,52.51,0.3609,2026-03-15
6,52.81,,2026-03-16
6,52.2,0.5125,2026-03-17
6,53.54,0.5157,2026-03-18
6,53.51,0.4316,2026-03-19
6,54.15,0.4219,2026-03-20
6,54.44,0.4511,2026-03-21
6,54.85,0.4744,2026-03-22
6,55.52,0.4404,2026-03-23
6,55.35,0.489,2026-03-24
6,56.52,0.3631,2026-03-25
6,55.76,0.5102,2026-03-26
6,55.37,0.557,2026-03-27
6,56.54,0.4951,2026-03-28
7,119.07,0.6148,2025-09-30
7,121.86,0.5077,2025-10-01
7,121.46,0.5855,2025-10-02
7,120.07,0.6064,2025-10-03
7,117.59,0.5345,2025-10-04
7,118.16,0.8104,2025-10-05
7,117.95,0.5256,2025-10-06
7,116.49,0.5465,2025-10-07
7,118.7,,2025-10-08
7,120.19,,2025-10-09
7,120.65,0.5978,2025-10-10
7,123.11,0.7356,2025-10-11
7,124.54,0.8101,2025-10-12
7,123.73,0.6943,2025-10-13
7,122.57,0.9071,2025-10-14
7,124.11,0.5621,2025-10-15
7,125.01,0.7547,2025-10-16
7,125.53,0.79,2025-10-17
7,124.48,0.764,2025-10-18
7,125.56,0.6707,2025-10-19
7,124.56,0.6567,2025-10-20
7,124.5,0.7069,2025-10-21
7,126.7,0.7267,2025-10-22
7,125.7,0.6986,2025-10-23
7,123.28,0.7214,2025-10-24
7,121.64,0.5435,2025-10-25
7,122.96,0.5928,2025-10-26
7,123.16,0.5212,2025-10-27
7,122.75,0.5503,2025-10-28
7,121.74,0.6469,2025-10-29
7,,0.5586,2025-10-30
7,120.57,0.7429,2025-10-31
7,120.64,0.5343,2025-11-01
7,119.18,0.5084,2025-11-02
7,117.46,0.4975,2025-11-03
7,116.1,0.424,2025-11-04
7,115.1,0.4572,2025-11-05
7,114.52,0.5399,2025-11-06
7,114.31,0.4476,2025-11-07
7,108.72,0.3652,2025-11-08
7,,0.3461,2025-11-09
7,106.08,0.377,2025-11-10
7,107.42,0.4133,2025-11-11
7,105.45,,2025-11-12
7,105.08,0.2936,2025-11-13
7,106.37,0.3744,2025-11-14
7,104.11,0.4124,2025-11-15
7,104.02,,2025-11-16
7,102.44,0.3407,2025-11-17
7,101.26,0.3586,2025-11-18
7,99.74,0.3564,2025-11-19
7,98.34,0.444,2025-11-20
7,101.03,0.4257,2025-11-21
7,101.54,0.4052,2025-11-22
7,102.38,0.4961,2025-11-23
7,102.51,0.6128,2025-11-24
7,100.09,0.6201,2025-11-25
7,100.16,0.3498,2025-11-26
7,101.06,0.565,2025-11-27
7,99.67,0.5201,2025-11-28
7,100.51,0.5624,2025-11-29
7,101.07,0.5338,2025-11-30
7,,0.5906,2025-12-01
7,102.34,0.6085,2025-12-02
7,100.82,0.5647,2025-12-03
7,100.26,0.5533,2025-12-04
7,101.9,0.6023,2025-12-05
7,99.62,0.6691,2025-12-06
7,97.15,0.7094,2025-12-07
7,97.29,0.7396,2025-12-08
7,96.86,0.6404,2025-12-09
7,96.99,0.7097,2025-12-10
7,98.25,0.7697,2025-12-11
7,97.8,0.79,2025-12-12
7,95.84,0.6945,2025-12-13
7,98.47,0.6823,2025-12-14
7,97.6,0.7145,2025-12-15
7,96.7,0.6047,2025-12-16
7,98.35,0.6772,2025-12-17
7,98.3,0.7466,2025-12-18
7,98.66,0.7313,2025-12-19
7,99.69,0.6497,2025-12-20
7,101.48,0.6789,2025-12-21
7,101.58,0.5844,2025-12-22
7,103.98,0.6944,2025-12-23
7,101.85,,2025-12-24
7,103.34,0.5889,2025-12-25
7,102.87,0.5674,2025-12-26
7,105.15,0.5762,2025-12-27
7,105.92,0.5298,2025-12-28
7,105.65,,2025-12-29
7,107.09,0.5027,2025-12-30
7,108.83,0.6463,2025-12-31
7,110.27,0.6209,2026-01-01
7,109.49,0.4177,2026-01-02
7,,0.4806,2026-01-03
7,109.96,0.4098,2026-01-04
7,110.44,0.4235,2026-01-05
7,111.95,0.5987,2026-01-06
7,109.73,0.404,2026-01-07
7,110.64,0.4489,2026-01-08
7,110.69,0.4563,2026-01-09
7,109.97,0.3273,2026-01-10
7,109.36,,2026-01-11
7,109.42,0.3043,2026-01-12
7,104.98,0.3291,2026-01-13
7,104.35,0.1728,2026-01-14
7,103.48,0.4468,2026-01-15
7,104.32,0.5717,2026-01-16
7,103.46,0.4248,2026-01-17
7,103.31,0.3068,2026-01-18
7,105.29,0.3772,2026-01-19
7,106.59,0.4018,2026-01-20
7,107.74,0.3682,2026-01-21
7,107.06,0.5306,2026-01-22
7,107.68,0.5398,2026-01-23
7,107.26,0.3966,2026-01-24
7,106.85,,2026-01-25
7,107.19,0.641,2026-01-26
7,106.2,,2026-01-27
7,107.83,0.7792,2026-01-28
7,107.33,0.4935,2026-01-29
7,107.79,0.8071,2026-01-30
7,109.31,0.568,2026-01-31
7,110.25,0.5636,2026-02-01
7,107.96,0.6512,2026-02-02
7,108.09,0.5916,2026-02-03
7,108.71,0.6823,2026-02-04
7,109.36,0.5559,2026-02-05
7,107.38,0.6523,2026-02-06
7,106.0,0.7828,2026-02-07
7,106.71,0.6825,2026-02-08
7,105.17,0.704,2026-02-09
7,104.23,0.7347,2026-02-10
7,105.61,0.7928,2026-02-11
7,104.97,0.5676,2026-02-12
7,103.47,0.7459,2026-02-13
7,101.81,0.6753,2026-02-14
7,101.65,0.706,2026-02-15
7,99.47,0.7718,2026-02-16
7,98.64,0.5844,2026-02-17
7,98.5,0.5903,2026-02-18
7,99.52,0.5066,2026-02-19
7,99.81,0.6064,2026-02-20
7,98.48,0.7446,2026-02-21
7,99.41,0.6154,2026-02-22
7,98.62,0.5038,2026-02-23
7,96.76,0.5575,2026-02-24
7,96.19,0.4622,2026-02-25
7,97.51,0.4757,2026-02-26
7,97.39,0.5811,2026-02-27
7,97.13,,2026-02-28
7,,0.6078,2026-03-01
7,96.9,0.498,2026-03-02
7,95.25,0.4958,2026-03-03
7,93.28,0.4527,2026-03-04
7,93.62,0.5237,2026-03-05
7,93.77,0.5123,2026-03-06
7,95.5,0.4653,2026-03-07
7,95.82,0.4738,2026-03-08
7,95.44,0.4031,2026-03-09
7,95.56,0.4563,2026-03-10
7,95.86,0.3803,2026-03-11
7,94.13,0.4035,2026-03-12
7,97.43,0.3789,2026-03-13
7,98.31,0.3634,2026-03-14
7,,0.3457,2026-03-15
7,99.95,0.4407,2026-03-16
7,101.19,0.5122,2026-03-17
7,101.44,,2026-03-18
7,101.11,0.3196,2026-03-19
7,102.31,0.5318,2026-03-20
7,103.28,0.4131,2026-03-21
7,102.8,0.4977,2026-03-22
7,105.09,0.3893,2026-03-23
7,106.03,0.4864,2026-03-24
7,107.54,0.5141,2026-03-25
7,,0.3849,2026-03-26
7,110.58,0.5675,2026-03-27
7,111.63,0.642,2026-03-28
8,44.44,0.4297,2025-09-30
8,44.52,0.5853,2025-10-01
8,45.28,0.5176,2025-10-02
8,46.22,0.3705,2025-10-03
8,46.23,0.5884,2025-10-04
8,45.6,0.621,2025-10-05
8,45.4,0.6207,2025-10-06
8,46.64,0.6698,2025-10-07
8,46.45,0.6399,2025-10-08
8,46.6,0.6769,2025-10-09
8,47.59,0.6935,2025-10-10
8,47.48,0.6842,2025-10-11
8,47.56,0.679,2025-10-12
8,48.18,0.6252,2025-10-13
8,49.32,0.7467,2025-10-14
8,49.07,0.6774,2025-10-15
8,50.01,0.6701,2025-10-16
8,49.95,0.7377,2025-10-17
8,,0.7096,2025-10-18
8,49.73,0.6312,2025-10-19
8,49.09,0.78,2025-10-20
8,49.4,0.5762,2025-10-21
8,51.29,0.579,2025-10-22
8,51.97,0.7038,2025-10-23
8,51.88,0.7783,2025-10-24
8,52.5,0.5788,2025-10-25
8,51.86,0.644,2025-10-26
8,51.31,0.501,2025-10-27
8,51.17,0.5069,2025-10-28
8,51.12,0.6563,2025-10-29
8,50.2,0.5793,2025-10-30
8,49.88,0.6274,2025-10-31
8,49.64,0.6057,2025-11-01
8,50.38,0.3365,2025-11-02
8,49.42,0.3933,2025-11-03
8,48.41,0.497,2025-11-04
8,48.31,0.3261,2025-11-05
8,48.76,0.3653,2025-11-06
8,48.85,0.5527,2025-11-07
8,48.79,0.3853,2025-11-08
8,48.38,0.4769,2025-11-09
8,48.52,0.4107,2025-11-10
8,48.74,0.3529,2025-11-11
8,48.33,0.2701,2025-11-12
8,47.52,0.4195,2025-11-13
8,46.72,0.5164,2025-11-14
8,46.95,0.3487,2025-11-15
8,45.82,0.4088,2025-11-16
8,46.48,0.2858,2025-11-17
8,45.97,0.3592,2025-11-18
8,45.89,0.4474,2025-11-19
8,46.03,0.4881,2025-11-20
8,45.42,0.483,2025-11-21
8,44.94,0.2871,2025-11-22
8,44.8,0.4253,2025-11-23
8,44.13,0.3976,2025-11-24
8,43.38,0.4643,2025-11-25
8,,,2025-11-26
8,43.14,0.6041,2025-11-27
8,,0.5579,2025-11-28
8,42.65,0.6634,2025-11-29
8,42.98,0.5097,2025-11-30
8,42.49,0.4678,2025-12-01
8,41.41,0.7128,2025-12-02
8,41.69,0.6457,2025-12-03
8,42.46,0.5655,2025-12-04
8,42.71,0.6732,2025-12-05
8,41.72,0.7172,2025-12-06
8,41.71,0.671,2025-12-07
8,41.59,0.613,2025-12-08
8,41.81,0.6446,2025-12-09
8,41.44,0.7103,2025-12-10
8,41.35,0.7086,2025-12-11
8,40.72,0.7937,2025-12-12
8,40.93,0.6771,2025-12-13
8,40.37,0.6229,2025-12-14
8,40.71,0.9053,2025-12-15
8,40.48,,2025-12-16
8,39.11,0.7594,2025-12-17
8,39.64,0.7288,2025-12-18
8,,0.6948,2025-12-19
8,40.89,0.6531,2025-12-20
8,40.06,0.4372,2025-12-21
8,39.95,0.5653,2025-12-22
8,40.22,0.6645,2025-12-23
8,40.71,0.4075,2025-12-24
8,40.21,0.6167,2025-12-25
8,40.65,0.6493,2025-12-26
8,,0.6478,2025-12-27
8,39.91,0.6135,2025-12-28
8,39.77,0.6267,2025-12-29
8,40.24,0.6628,2025-12-30
8,39.58,0.6065,2025-12-31
8,40.1,0.5194,2026-01-01
8,40.46,0.4782,2026-01-02
8,40.54,0.4842,2026-01-03
8,39.95,0.4398,2026-01-04
8,39.39,0.539,2026-01-05
8,39.39,0.4843,2026-01-06
8,39.03,0.3982,2026-01-07
8,39.03,0.526,2026-01-08
8,39.61,0.3896,2026-01-09
8,39.63,0.3317,2026-01-10
8,39.62,,2026-01-11
8,39.6,0.3349,2026-01-12
8,40.19,0.4749,2026-01-13
8,40.92,0.3332,2026-01-14
8,,0.394,2026-01-15
8,41.35,,2026-01-16
8,41.52,0.356,2026-01-17
8,,0.453,2026-01-18
8,42.55,0.3508,2026-01-19
8,43.35,0.4581,2026-01-20
8,43.13,0.495,2026-01-21
8,42.42,0.4585,2026-01-22
8,42.05,,2026-01-23
8,41.72,0.5245,2026-01-24
8,42.47,0.4812,2026-01-25
8,42.76,0.59,2026-01-26
8,42.35,0.644,2026-01-27
8,42.65,0.4759,2026-01-28
8,42.47,0.707,2026-01-29
8,43.17,,2026-01-30
8,42.85,0.7559,2026-01-31
8,41.91,0.5878,2026-02-01
8,41.65,0.6816,2026-02-02
8,41.31,0.6943,2026-02-03
8,40.46,0.6194,2026-02-04
8,40.56,0.6673,2026-02-05
8,41.05,0.7865,2026-02-06
8,40.3,0.6541,2026-02-07
8,40.56,0.6536,2026-02-08
8,40.05,0.6004,2026-02-09
8,39.82,0.8221,2026-02-10
8,39.54,0.6607,2026-02-11
8,39.31,0.796,2026-02-12
8,39.31,0.6511,2026-02-13
8,38.61,0.7902,2026-02-14
8,38.99,0.7572,2026-02-15
8,39.01,0.6688,2026-02-16
8,39.19,0.6212,2026-02-17
8,38.61,0.6191,2026-02-18
8,37.9,0.6082,2026-02-19
8,38.24,0.7356,2026-02-20
8,37.53,0.651,2026-02-21
8,,,2026-02-22
8,37.72,0.5908,2026-02-23
8,37.5,0.5859,2026-02-24
8,37.89,0.4101,2026-02-25
8,37.63,0.55,2026-02-26
8,36.94,0.6079,2026-02-27
8,37.0,0.5233,2026-02-28
8,36.99,0.5392,2026-03-01
8,38.11,0.5424,2026-03-02
8,,0.4616,2026-03-03
8,37.45,0.5335,2026-03-04
8,37.09,0.5784,2026-03-05
8,37.01,0.3277,2026-03-06
8,36.93,0.4109,2026-03-07
8,36.56,0.615,2026-03-08
8,,0.4337,2026-03-09
8,36.75,0.4102,2026-03-10
8,37.41,0.3867,2026-03-11
8,,0.5052,2026-03-12
8,38.11,0.3257,2026-03-13
8,38.35,,2026-03-14
8,39.06,0.3787,2026-03-15
8,39.25,0.3433,2026-03-16
8,39.03,0.3889,2026-03-17
8,39.07,0.4093,2026-03-18
8,38.59,0.3803,2026-03-19
8,38.71,0.5177,2026-03-20
8,38.98,0.3792,2026-03-21
8,39.2,0.4608,2026-03-22
8,40.03,0.5048,2026-03-23
8,40.18,0.4854,2026-03-24
8,39.48,0.5508,2026-03-25
8,41.38,0.469,2026-03-26
8,41.27,0.5686,2026-03-27
8,41.98,0.5865,2026-03-28
9,89.69,0.5082,2025-09-30
9,90.32,0.494,2025-10-01
9,91.3,0.3427,2025-10-02
9,92.28,0.6723,2025-10-03
9,91.93,0.6479,2025-10-04
9,91.16,0.6107,2025-10-05
9,94.38,0.7408,2025-10-06
9,94.28,0.5222,2025-10-07
9,95.52,0.7625,2025-10-08
9,94.09,0.5441,2025-10-09
9,94.17,0.649,2025-10-10
9,94.4,0.5351,2025-10-11
9,95.28,0.6438,2025-10-12
9,92.48,0.6776,2025-10-13
9,92.95,0.6368,2025-10-14
9,91.92,0.7071,2025-10-15
9,92.51,0.6571,2025-10-16
9,91.55,0.6049,2025-10-17
9,90.77,0.5973,2025-10-18
9,90.6,0.7019,2025-10-19
9,89.56,0.5776,2025-10-20
9,89.11,0.6946,2025-10-21
9,,0.7093,2025-10-22
9,85.93,0.4669,2025-10-23
9,86.95,0.6788,2025-10-24
9,85.54,0.7398,2025-10-25
9,85.26,0.5812,2025-10-26
9,85.91,0.5943,2025-10-27
9,85.12,0.6141,2025-10-28
9,84.1,0.4936,2025-10-29
9,84.12,0.5146,2025-10-30
9,85.02,0.3792,2025-10-31
9,,0.4799,2025-11-01
9,83.13,0.4935,2025-11-02
9,81.11,0.4803,2025-11-03
9,80.41,0.5102,2025-11-04
9,80.1,0.3498,2025-11-05
9,78.93,0.357,2025-11-06
9,78.13,0.5402,2025-11-07
9,76.44,0.3666,2025-11-08
9,,,2025-11-09
9,76.69,0.3576,2025-11-10
9,75.28,0.2916,2025-11-11
9,74.32,0.4832,2025-11-12
9,74.35,0.3086,2025-11-13
9,75.02,0.2598,2025-11-14
9,73.26,0.3148,2025-11-15
9,72.71,,2025-11-16
9,72.55,0.3052,2025-11-17
9,72.06,0.2855,2025-11-18
9,69.54,0.4195,2025-11-19
9,69.58,0.3248,2025-11-20
9,70.48,0.4596,2025-11-21
9,70.23,0.5115,2025-11-22
9,69.02,0.4743,2025-11-23
9,68.28,0.4078,2025-11-24
9,69.43,0.4503,2025-11-25
9,69.9,0.3316,2025-11-26
9,70.17,0.4581,2025-11-27
9,70.22,0.4155,2025-11-28
9,69.44,0.5555,2025-11-29
9,69.08,0.7215,2025-11-30
9,68.85,0.5712,2025-12-01
9,69.16,0.3871,2025-12-02
9,70.29,0.5321,2025-12-03
9,71.14,,2025-12-04
9,69.87,0.5952,2025-12-05
9,70.03,0.5419,2025-12-06
9,70.65,0.6311,2025-12-07
9,71.21,0.522,2025-12-08
9,,0.5543,2025-12-09
9,73.29,0.6887,2025-12-10
9,72.29,0.5614,2025-12-11
9,71.5,0.6898,2025-12-12
9,71.88,0.5396,2025-12-13
9,73.91,0.7912,2025-12-14
9,73.4,0.5872,2025-12-15
9,73.42,0.6288,2025-12-16
9,74.66,0.6691,2025-12-17
9,74.95,0.5918,2025-12-18
9,74.98,0.6414,2025-12-19
9,75.84,0.6674,2025-12-20
9,76.45,0.6883,2025-12-21
9,77.79,0.6637,2025-12-22
9,79.41,0.5744,2025-12-23
9,80.13,0.5633,2025-12-24
9,80.84,0.7489,2025-12-25
9,81.5,0.6223,2025-12-26
9,82.44,0.4574,2025-12-27
9,82.96,0.5237,2025-12-28
9,83.42,0.4732,2025-12-29
9,85.09,0.4735,2025-12-30
9,87.12,0.3705,2025-12-31
9,86.01,0.4207,2026-01-01
9,86.48,0.5839,2026-01-02
9,86.21,0.4713,2026-01-03
9,86.32,0.2125,2026-01-04
9,87.16,0.497,2026-01-05
9,88.27,0.4757,2026-01-06
9,88.54,0.3499,2026-01-07
9,86.87,0.4275,2026-01-08
9,86.2,0.2942,2026-01-09
9,87.45,0.3197,2026-01-10
9,84.86,0.4732,2026-01-11
9,86.34,0.3291,2026-01-12
9,87.12,0.2004,2026-01-13
9,88.71,0.3458,2026-01-14
9,88.69,0.347,2026-01-15
9,86.65,0.4532,2026-01-16
9,87.22,0.3641,2026-01-17
9,,0.3364,2026-01-18
9,89.7,0.4623,2026-01-19
9,,0.3982,2026-01-20
9,89.11,0.3396,2026-01-21
9,88.51,0.5042,2026-01-22
9,87.57,0.4405,2026-01-23
9,,0.4392,2026-01-24
9,87.08,0.4679,2026-01-25
9,86.0,0.3832,2026-01-26
9,84.68,0.4421,2026-01-27
9,82.96,0.5003,2026-01-28
9,82.88,0.5001,2026-01-29
9,83.77,0.633,2026-01-30
9,83.31,0.5637,2026-01-31
9,81.5,,2026-02-01
9,82.0,0.5758,2026-02-02
9,83.31,0.6727,2026-02-03
9,82.3,0.6322,2026-02-04
9,81.44,0.6125,2026-02-05
9,81.55,,2026-02-06
9,82.72,0.5535,2026-02-07
9,81.78,,2026-02-08
9,80.05,0.6394,2026-02-09
9,80.22,0.6066,2026-02-10
9,80.54,0.7377,2026-02-11
9,80.1,0.55,2026-02-12
9,79.12,0.6154,2026-02-13
9,79.62,0.7289,2026-02-14
9,79.68,0.6679,2026-02-15
9,78.51,0.6332,2026-02-16
9,78.13,0.65,2026-02-17
9,76.45,0.6357,2026-02-18
9,76.68,0.4901,2026-02-19
9,76.05,0.5724,2026-02-20
9,75.29,0.7175,2026-02-21
9,74.91,0.5223,2026-02-22
9,74.62,0.5355,2026-02-23
9,75.11,0.503,2026-02-24
9,,0.5242,2026-02-25
9,74.95,0.469,2026-02-26
9,75.4,0.5389,2026-02-27
9,,0.5001,2026-02-28
9,74.98,0.5307,2026-03-01
9,74.71,0.3696,2026-03-02
9,74.45,0.4118,2026-03-03
9,74.81,0.4069,2026-03-04
9,74.42,0.4483,2026-03-05
9,74.04,0.3362,2026-03-06
9,75.79,0.4618,2026-03-07
9,76.67,0.4736,2026-03-08
9,76.04,0.291,2026-03-09
9,,0.3237,2026-03-10
9,76.89,0.3148,2026-03-11
9,77.41,0.5639,2026-03-12
9,77.73,0.3164,2026-03-13
9,79.06,0.4842,2026-03-14
9,79.64,0.2495,2026-03-15
9,79.87,0.2741,2026-03-16
9,81.17,0.3024,2026-03-17
9,81.74,,2026-03-18
9,82.22,0.3487,2026-03-19
9,82.91,,2026-03-20
9,83.22,0.323,2026-03-21
9,83.65,0.4923,2026-03-22
9,83.49,0.5097,2026-03-23
9,83.18,0.5009,2026-03-24
9,82.63,0.4809,2026-03-25
9,81.7,0.4611,2026-03-26
9,81.29,0.4291,2026-03-27
9,81.58,0.4081,2026-03-28
10,51.85,0.4074,2025-09-30
10,51.99,0.5257,2025-10-01
10,52.22,0.693,2025-10-02
10,51.69,0.6041,2025-10-03
10,51.92,0.5584,2025-10-04
10,52.38,0.378,2025-10-05
10,51.89,0.5453,2025-10-06
10,51.83,0.6383,2025-10-07
10,,0.5706,2025-10-08
10,52.18,0.7355,2025-10-09
10,51.94,0.6356,2025-10-10
10,52.63,0.7233,2025-10-11
10,52.01,0.6591,2025-10-12
10,51.51,0.6246,2025-10-13
10,51.78,0.6115,2025-10-14
10,52.45,0.569,2025-10-15
10,52.77,0.7369,2025-10-16
10,52.74,,2025-10-17
10,52.64,0.6844,2025-10-18
10,53.35,0.595,2025-10-19
10,53.96,0.5433,2025-10-20
10,54.03,0.6658,2025-10-21
10,53.87,0.5517,2025-10-22
10,53.89,0.5683,2025-10-23
10,53.4,0.4883,2025-10-24
10,53.27,0.5356,2025-10-25
10,52.9,0.5629,2025-10-26
10,52.76,0.5234,2025-10-27
10,52.38,0.5966,2025-10-28
10,52.6,0.5273,2025-10-29
10,,0.747,2025-10-30
10,52.6,0.5183,2025-10-31
10,51.92,0.33,2025-11-01
10,52.19,0.4366,2025-11-02
10,52.11,0.4289,2025-11-03
10,51.68,0.3759,2025-11-04
10,52.31,0.4176,2025-11-05
10,51.73,0.3482,2025-11-06
10,50.26,0.4152,2025-11-07
10,49.59,0.226,2025-11-08
10,50.3,0.4616,2025-11-09
10,49.85,0.2367,2025-11-10
10,49.28,0.3363,2025-11-11
10,49.03,0.2947,2025-11-12
10,49.35,0.3753,2025-11-13
10,49.03,0.3353,2025-11-14
10,49.1,0.371,2025-11-15
10,48.71,,2025-11-16
10,48.79,0.4188,2025-11-17
10,48.63,,2025-11-18
10,48.13,0.4069,2025-11-19
10,48.03,0.5354,2025-11-20
10,47.47,0.4529,2025-11-21
10,46.45,0.3761,2025-11-22
10,46.21,0.5141,2025-11-23
10,45.29,0.4563,2025-11-24
10,45.41,0.362,2025-11-25
10,45.2,0.4392,2025-11-26
10,45.8,0.351,2025-11-27
10,45.46,0.3015,2025-11-28
10,45.3,0.4241,2025-11-29
10,44.38,0.5255,2025-11-30
10,43.68,0.5412,2025-12-01
10,42.72,0.4334,2025-12-02
10,43.2,0.3707,2025-12-03
10,42.9,,2025-12-04
10,43.55,0.5958,2025-12-05
10,42.13,0.7248,2025-12-06
10,42.91,0.7314,2025-12-07
10,,0.6801,2025-12-08
10,43.11,,2025-12-09
10,42.61,0.6052,2025-12-10
10,42.95,0.7001,2025-12-11
10,42.85,0.6339,2025-12-12
10,42.34,,2025-12-13
10,41.84,0.4822,2025-12-14
10,41.36,,2025-12-15
10,41.69,0.7345,2025-12-16
10,41.53,0.7434,2025-12-17
10,40.88,0.6413,2025-12-18
10,41.25,0.5588,2025-12-19
10,40.36,0.6936,2025-12-20
10,41.2,0.6102,2025-12-21
10,42.4,0.5711,2025-12-22
10,41.95,0.4717,2025-12-23
10,42.7,0.7433,2025-12-24
10,43.12,0.6201,2025-12-25
10,43.09,0.6141,2025-12-26
10,43.1,0.4622,2025-12-27
10,43.68,0.5221,2025-12-28
10,43.91,0.4935,2025-12-29
10,42.78,0.5469,2025-12-30
10,44.08,0.5776,2025-12-31
10,44.55,0.3389,2026-01-01
10,44.76,0.353,2026-01-02
10,44.61,0.4767,2026-01-03
10,44.73,0.3712,2026-01-04
10,45.63,0.4648,2026-01-05
10,45.99,0.3587,2026-01-06
10,46.4,0.2787,2026-01-07
10,45.9,0.2293,2026-01-08
10,45.89,0.4017,2026-01-09
10,46.08,0.398,2026-01-10
10,46.62,0.4309,2026-01-11
10,,0.3771,2026-01-12
10,47.18,0.0494,2026-01-13
10,46.65,0.3911,2026-01-14
10,46.79,0.2367,2026-01-15
10,46.82,0.2079,2026-01-16
10,46.03,,2026-01-17
10,46.05,0.2037,2026-01-18
10,45.76,,2026-01-19
10,46.56,0.33,2026-01-20
10,46.33,,2026-01-21
10,46.51,0.4137,2026-01-22
10,45.79,0.3365,2026-01-23
10,45.87,0.5175,2026-01-24
10,45.57,0.5697,2026-01-25
10,45.07,0.4514,2026-01-26
10,46.5,0.5945,2026-01-27
10,46.19,0.61,2026-01-28
10,45.95,0.5224,2026-01-29
10,46.3,0.6699,2026-01-30
10,45.72,0.4966,2026-01-31
10,45.77,0.4046,2026-02-01
10,45.87,0.4506,2026-02-02
10,45.81,0.5348,2026-02-03
10,46.87,0.6431,2026-02-04
10,46.2,0.5191,2026-02-05
10,46.83,0.5673,2026-02-06
10,46.86,0.5299,2026-02-07
10,47.12,,2026-02-08
10,47.06,0.7501,2026-02-09
10,47.86,0.6753,2026-02-10
10,47.42,0.603,2026-02-11
10,47.44,0.7476,2026-02-12
10,47.91,0.6512,2026-02-13
10,47.32,0.6574,2026-02-14
10,47.63,0.7341,2026-02-15
10,47.35,0.6096,2026-02-16
10,46.4,0.7032,2026-02-17
10,45.35,0.6889,2026-02-18
10,45.06,0.5998,2026-02-19
10,45.37,0.4887,2026-02-20
10,44.02,0.5892,2026-02-21
10,43.93,0.666,2026-02-22
10,44.2,0.6266,2026-02-23
10,43.35,0.6832,2026-02-24
10,42.85,0.492,2026-02-25
10,42.99,0.578,2026-02-26
10,43.29,0.4195,2026-02-27
10,44.0,0.5004,2026-02-28
10,43.59,0.5572,2026-03-01
10,43.07,0.5262,2026-03-02
10,43.85,0.4472,2026-03-03
10,43.4,0.4036,2026-03-04
10,43.63,0.3322,2026-03-05
10,44.75,0.3816,2026-03-06
10,45.16,0.2837,2026-03-07
10,45.6,0.3512,2026-03-08
10,46.34,0.2256,2026-03-09
10,46.69,0.2575,2026-03-10
10,47.21,0.4256,2026-03-11
10,47.11,0.4126,2026-03-12
10,47.89,0.3277,2026-03-13
10,48.26,0.3552,2026-03-14
10,47.55,0.3667,2026-03-15
10,47.86,0.3901,2026-03-16
10,46.79,0.3856,2026-03-17
10,47.39,0.256,2026-03-18
10,47.46,0.1746,2026-03-19
10,48.77,0.2973,2026-03-20
10,49.3,0.3762,2026-03-21
10,50.1,0.4764,2026-03-22
10,49.72,0.4306,2026-03-23
10,50.4,0.4678,2026-03-24
10,,0.3672,2026-03-25
10,51.23,0.448,2026-03-26
10,50.82,0.4741,2026-03-27
10,51.17,,2026-03-28
11,162.89,0.4871,2025-09-30
11,164.55,0.6255,2025-10-01
11,165.78,0.5709,2025-10-02
11,169.91,0.46,2025-10-03
11,173.57,,2025-10-04
11,,0.5271,2025-10-05
11,177.72,0.6197,2025-10-06
11,179.91,0.629,2025-10-07
11,179.88,0.544,2025-10-08
11,180.56,0.528,2025-10-09
11,179.35,0.6524,2025-10-10
11,179.34,0.6225,2025-10-11
11,179.21,0.8152,2025-10-12
11,178.45,0.6497,2025-10-13
11,179.29,0.7943,2025-10-14
11,179.09,0.5564,2025-10-15
11,180.61,0.5233,2025-10-16
11,177.47,,2025-10-17
11,177.54,0.7378,2025-10-18
11,178.08,0.7775,2025-10-19
11,177.6,0.5673,2025-10-20
11,177.37,0.5845,2025-10-21
11,174.05,0.518,2025-10-22
11,174.8,,2025-10-23
11,176.09,0.6456,2025-10-24
11,177.01,0.5928,2025-10-25
11,179.02,0.5618,2025-10-26
11,179.2,0.4343,2025-10-27
11,179.91,0.6624,2025-10-28
11,179.86,0.4754,2025-10-29
11,180.9,0.5427,2025-10-30
11,176.99,0.368,2025-10-31
11,174.55,0.4536,2025-11-01
11,,,2025-11-02
11,171.41,0.4652,2025-11-03
11,170.45,0.4374,2025-11-04
11,172.13,0.4514,2025-11-05
11,171.17,0.3092,2025-11-06
11,169.55,0.4043,2025-11-07
11,168.99,0.3877,2025-11-08
11,167.43,0.3886,2025-11-09
11,166.63,0.3688,2025-11-10
11,164.39,0.2555,2025-11-11
11,165.67,0.2479,2025-11-12
11,167.58,0.1737,2025-11-13
11,166.38,,2025-11-14
11,162.7,0.417,2025-11-15
11,160.77,,2025-11-16
11,159.53,0.3819,2025-11-17
11,,0.1923,2025-11-18
11,156.82,0.288,2025-11-19
11,154.55,0.3923,2025-11-20
11,154.69,0.3994,2025-11-21
11,155.65,0.3818,2025-11-22
11,153.74,0.4413,2025-11-23
11,150.58,,2025-11-24
11,155.83,0.4487,2025-11-25
11,156.65,0.4025,2025-11-26
11,155.55,0.5474,2025-11-27
11,,0.4499,2025-11-28
11,155.89,0.3935,2025-11-29
11,157.07,0.454,2025-11-30
11,156.99,0.5033,2025-12-01
11,,0.6259,2025-12-02
11,156.36,0.5576,2025-12-03
11,153.45,0.5601,2025-12-04
11,156.89,0.4883,2025-12-05
11,155.05,0.6632,2025-12-06
11,152.52,0.5593,2025-12-07
11,152.19,,2025-12-08
11,150.56,0.7483,2025-12-09
11,150.66,0.6777,2025-12-10
11,152.16,0.5124,2025-12-11
11,154.29,0.5052,2025-12-12
11,156.18,0.644,2025-12-13
11,156.05,0.553,2025-12-14
11,156.64,0.7011,2025-12-15
11,157.96,0.6501,2025-12-16
11,155.22,0.6559,2025-12-17
11,156.93,0.5805,2025-12-18
11,154.86,0.7692,2025-12-19
11,159.39,0.8488,2025-12-20
11,159.38,0.5892,2025-12-21
11,159.83,0.6286,2025-12-22
11,159.18,0.596,2025-12-23
11,158.82,0.5542,2025-12-24
11,164.05,0.4944,2025-12-25
11,166.82,0.4596,2025-12-26
11,164.63,0.4403,2025-12-27
11,168.55,0.5481,2025-12-28
11,171.92,0.4584,2025-12-29
11,172.3,0.2781,2025-12-30
11,173.89,0.5044,2025-12-31
11,,0.4506,2026-01-01
11,,,2026-01-02
11,179.1,0.4548,2026-01-03
11,180.32,0.2935,2026-01-04
11,180.26,0.2213,2026-01-05
11,177.99,0.331,2026-01-06
11,183.48,0.3286,2026-01-07
11,181.64,0.4455,2026-01-08
11,182.84,0.3623,2026-01-09
11,179.68,0.448,2026-01-10
11,179.42,0.2473,2026-01-11
11,180.89,0.428,2026-01-12
11,179.59,0.4077,2026-01-13
11,181.3,0.1894,2026-01-14
11,181.1,0.4591,2026-01-15
11,183.95,0.3648,2026-01-16
11,187.22,0.3943,2026-01-17
11,186.1,0.3009,2026-01-18
11,186.41,,2026-01-19
11,,0.2937,2026-01-20
11,188.27,0.4662,2026-01-21
11,188.24,0.4775,2026-01-22
11,,0.3471,2026-01-23
11,187.78,0.5977,2026-01-24
11,187.77,0.4722,2026-01-25
11,190.36,0.5211,2026-01-26
11,191.43,0.3622,2026-01-27
11,192.57,0.6694,2026-01-28
11,193.7,0.4177,2026-01-29
11,192.75,0.6132,2026-01-30
11,192.83,0.4668,2026-01-31
11,189.62,0.5115,2026-02-01
11,191.75,0.6381,2026-02-02
11,184.57,0.6704,2026-02-03
11,183.57,0.4987,2026-02-04
11,185.21,0.6987,2026-02-05
11,,0.705,2026-02-06
11,181.26,0.5549,2026-02-07
11,178.85,0.7649,2026-02-08
11,177.11,0.5261,2026-02-09
11,178.15,0.5967,2026-02-10
11,177.6,0.6875,2026-02-11
11,172.3,0.5817,2026-02-12
11,169.33,,2026-02-13
11,170.36,0.666,2026-02-14
11,170.32,0.6277,2026-02-15
11,172.94,,2026-02-16
11,175.47,0.6116,2026-02-17
11,173.82,0.6399,2026-02-18
11,178.11,0.7032,2026-02-19
11,177.27,0.6636,2026-02-20
11,174.37,0.651,2026-02-21
11,172.25,0.4831,2026-02-22
11,166.85,0.603,2026-02-23
11,169.37,0.4761,2026-02-24
11,171.95,0.4287,2026-02-25
11,169.26,0.5099,2026-02-26
11,168.27,0.4277,2026-02-27
11,167.98,0.5476,2026-02-28
11,165.64,0.534,2026-03-01
11,161.82,0.3014,2026-03-02
11,161.14,0.3727,2026-03-03
11,160.32,0.3082,2026-03-04
11,159.44,0.3748,2026-03-05
11,159.79,0.436,2026-03-06
11,162.54,0.3691,2026-03-07
11,162.01,0.3315,2026-03-08
11,162.48,0.4741,2026-03-09
11,164.11,0.1786,2026-03-10
11,165.47,0.4563,2026-03-11
11,164.59,0.3097,2026-03-12
11,,0.3446,2026-03-13
11,166.74,0.3078,2026-03-14
11,165.01,0.4743,2026-03-15
11,168.1,0.2548,2026-03-16
11,171.64,0.3583,2026-03-17
11,170.85,0.4052,2026-03-18
11,172.0,,2026-03-19
11,174.13,0.3051,2026-03-20
11,173.83,0.3767,2026-03-21
11,175.72,0.3287,2026-03-22
11,176.98,0.3466,2026-03-23
11,174.8,,2026-03-24
11,176.72,0.491,2026-03-25
11,175.35,0.4262,2026-03-26
11,178.32,,2026-03-27
11,177.88,,2026-03-28
12,59.77,0.4135,2025-09-30
12,60.21,0.5588,2025-10-01
12,60.53,0.3743,2025-10-02
12,61.49,0.5752,2025-10-03
12,62.14,0.6815,2025-10-04
12,62.43,0.5863,2025-10-05
12,62.76,0.5347,2025-10-06
12,62.24,0.699,2025-10-07
12,63.64,0.6394,2025-10-08
12,66.19,0.6336,2025-10-09
12,66.21,0.5485,2025-10-10
12,66.5,0.6661,2025-10-11
12,67.56,0.5879,2025-10-12
12,68.61,0.6716,2025-10-13
12,68.97,,2025-10-14
12,68.35,0.7367,2025-10-15
12,,0.6031,2025-10-16
12,70.74,0.6348,2025-10-17
12,71.05,0.7065,2025-10-18
12,70.53,0.6181,2025-10-19
12,70.66,,2025-10-20
12,69.17,0.5888,2025-10-21
12,69.81,0.5984,2025-10-22
12,70.64,0.654,2025-10-23
12,70.81,0.735,2025-10-24
12,69.94,0.4407,2025-10-25
12,70.24,0.4598,2025-10-26
12,70.8,0.535,2025-10-27
12,70.05,0.5352,2025-10-28
12,70.68,0.4983,2025-10-29
12,70.96,0.4557,2025-10-30
12,70.53,0.3857,2025-10-31
12,69.84,0.42,2025-11-01
12,69.45,0.519,2025-11-02
12,68.39,0.4464,2025-11-03
12,,0.479,2025-11-04
12,68.51,0.3156,2025-11-05
12,69.16,,2025-11-06
12,69.09,0.3436,2025-11-07
12,69.07,0.4167,2025-11-08
12,68.51,0.3601,2025-11-09
12,67.44,0.3198,2025-11-10
12,66.73,0.392,2025-11-11
12,,0.4013,2025-11-12
12,67.65,0.5659,2025-11-13
12,67.6,0.4011,2025-11-14
12,65.76,0.4008,2025-11-15
12,65.64,0.4449,2025-11-16
12,64.23,0.3999,2025-11-17
12,62.92,0.3599,2025-11-18
12,61.71,0.3962,2025-11-19
12,60.82,0.447,2025-11-20
12,,0.4998,2025-11-21
12,60.96,,2025-11-22
12,59.98,0.2606,2025-11-23
12,,0.5329,2025-11-24
12,59.38,0.3752,2025-11-25
12,59.63,0.321,2025-11-26
12,59.5,0.3287,2025-11-27
12,58.48,0.6285,2025-11-28
12,58.0,0.5702,2025-11-29
12,59.49,0.4521,2025-11-30
12,58.48,0.4709,2025-12-01
12,58.63,0.5507,2025-12-02
12,60.02,0.6298,2025-12-03
12,59.75,0.5515,2025-12-04
12,61.01,0.5253,2025-12-05
12,60.48,0.6912,2025-12-06
12,59.05,,2025-12-07
12,58.66,0.606,2025-12-08
12,58.18,0.6773,2025-12-09
12,57.08,0.4661,2025-12-10
12,56.89,,2025-12-11
12,57.69,0.6796,2025-12-12
12,57.42,0.5389,2025-12-13
12,57.32,0.4947,2025-12-14
12,58.45,0.604,2025-12-15
12,58.12,0.6614,2025-12-16
12,,0.6654,2025-12-17
12,57.81,0.7734,2025-12-18
12,57.39,0.6446,2025-12-19
12,57.51,0.5094,2025-12-20
12,58.63,0.5914,2025-12-21
12,58.28,0.4965,2025-12-22
12,57.94,0.5738,2025-12-23
12,58.44,0.6877,2025-12-24
12,59.06,0.5977,2025-12-25
12,58.65,0.4887,2025-12-26
12,58.61,0.5786,2025-12-27
12,59.71,0.4535,2025-12-28
12,59.19,0.2789,2025-12-29
12,59.77,0.3856,2025-12-30
12,59.72,0.5055,2025-12-31
12,61.06,0.5154,2026-01-01
12,61.81,0.5764,2026-01-02
12,62.79,0.4523,2026-01-03
12,62.7,0.5196,2026-01-04
12,63.63,0.45,2026-01-05
12,64.53,0.4635,2026-01-06
12,65.23,0.4668,2026-01-07
12,65.28,0.4091,2026-01-08
12,65.66,0.449,2026-01-09
12,64.44,0.3015,2026-01-10
12,66.02,0.1591,2026-01-11
12,65.75,0.4029,2026-01-12
12,65.66,0.38,2026-01-13
12,64.78,0.2808,2026-01-14
12,65.44,0.2523,2026-01-15
12,65.98,0.3678,2026-01-16
12,65.84,0.4203,2026-01-17
12,64.06,0.4117,2026-01-18
12,63.56,0.2971,2026-01-19
12,63.93,0.3249,2026-01-20
12,64.13,0.4532,2026-01-21
12,64.07,0.4176,2026-01-22
12,63.7,0.5098,2026-01-23
12,,0.4131,2026-01-24
12,63.06,0.5128,2026-01-25
12,61.86,,2026-01-26
12,61.57,0.4265,2026-01-27
12,,0.5743,2026-01-28
12,61.21,0.4363,2026-01-29
12,61.45,0.5371,2026-01-30
12,60.98,0.5606,2026-01-31
12,61.26,0.5514,2026-02-01
12,59.93,0.6543,2026-02-02
12,59.62,0.634,2026-02-03
12,58.61,0.6366,2026-02-04
12,59.05,,2026-02-05
12,59.03,0.7699,2026-02-06
12,59.19,,2026-02-07
12,58.5,0.7106,2026-02-08
12,58.71,0.7031,2026-02-09
12,57.61,0.5985,2026-02-10
12,56.62,0.6453,2026-02-11
12,56.19,0.7009,2026-02-12
12,55.25,0.7333,2026-02-13
12,,0.7181,2026-02-14
12,54.78,0.6891,2026-02-15
12,53.78,0.7971,2026-02-16
12,52.71,0.6191,2026-02-17
12,52.87,0.7024,2026-02-18
12,50.99,0.6828,2026-02-19
12,50.11,0.6359,2026-02-20
12,50.71,0.6266,2026-02-21
12,50.27,0.6118,2026-02-22
12,50.48,0.5044,2026-02-23
12,50.53,0.5784,2026-02-24
12,50.22,0.591,2026-02-25
12,49.05,0.5414,2026-02-26
12,48.12,,2026-02-27
12,47.21,0.3574,2026-02-28
12,47.36,0.4034,2026-03-01
12,47.65,0.4447,2026-03-02
12,47.07,0.3778,2026-03-03
12,46.96,0.4767,2026-03-04
12,,0.5072,2026-03-05
12,46.95,,2026-03-06
12,46.52,0.4155,2026-03-07
12,47.46,0.4654,2026-03-08
12,47.88,0.3251,2026-03-09
12,47.99,0.3508,2026-03-10
12,47.77,0.264,2026-03-11
12,47.39,0.4498,2026-03-12
12,47.73,0.5081,2026-03-13
12,47.59,0.3221,2026-03-14
12,47.82,0.1772,2026-03-15
12,46.89,0.2768,2026-03-16
12,46.77,0.3053,2026-03-17
12,46.91,0.2569,2026-03-18
12,47.66,0.2877,2026-03-19
12,47.35,,2026-03-20
12,46.73,0.4413,2026-03-21
12,47.22,0.2345,2026-03-22
12,47.43,0.3693,2026-03-23
12,46.7,0.428,2026-03-24
12,46.01,0.3536,2026-03-25
12,45.91,0.4725,2026-03-26
12,,0.4594,2026-03-27
12,47.15,0.4484,2026-03-28
13,35.38,0.3992,2025-09-30
13,35.38,0.5173,2025-10-01
13,35.91,0.5487,2025-10-02
13,36.51,0.4682,2025-10-03
13,,0.5124,2025-10-04
13,37.8,0.4731,2025-10-05
13,37.59,0.6703,2025-10-06
13,37.55,,2025-10-07
13,37.82,0.4877,2025-10-08
13,38.39,0.5141,2025-10-09
13,38.64,0.59,2025-10-10
13,39.39,0.6473,2025-10-11
13,39.22,,2025-10-12
13,38.81,0.7445,2025-10-13
13,39.08,0.6239,2025-10-14
13,39.15,0.6373,2025-10-15
13,39.5,0.5914,2025-10-16
13,39.57,0.5983,2025-10-17
13,39.48,0.5808,2025-10-18
13,39.5,0.6685,2025-10-19
13,39.56,0.5793,2025-10-20
13,39.44,0.6327,2025-10-21
13,39.36,0.5268,2025-10-22
13,39.17,0.566,2025-10-23
13,39.56,0.4739,2025-10-24
13,39.62,0.6223,2025-10-25
13,40.65,0.4443,2025-10-26
13,40.67,0.4704,2025-10-27
13,40.33,0.456,2025-10-28
13,41.53,0.4374,2025-10-29
13,41.64,0.5078,2025-10-30
13,42.02,0.409,2025-10-31
13,42.19,,2025-11-01
13,42.36,0.3382,2025-11-02
13,42.47,0.4025,2025-11-03
13,41.75,0.3129,2025-11-04
13,41.76,0.3955,2025-11-05
13,40.91,0.3484,2025-11-06
13,40.63,0.3261,2025-11-07
13,40.09,0.4237,2025-11-08
13,40.06,0.2677,2025-11-09
13,40.01,0.3599,2025-11-10
13,40.03,0.2458,2025-11-11
13,39.95,0.3123,2025-11-12
13,39.44,0.2052,2025-11-13
13,39.1,0.247,2025-11-14
13,39.31,,2025-11-15
13,,0.4484,2025-11-16
13,38.83,0.3154,2025-11-17
13,37.9,0.4453,2025-11-18
13,,0.3377,2025-11-19
13,37.64,0.2977,2025-11-20
13,37.99,0.4617,2025-11-21
13,37.38,0.3846,2025-11-22
13,37.33,0.3104,2025-11-23
13,37.98,0.4126,2025-11-24
13,38.0,0.3656,2025-11-25
13,38.49,0.2445,2025-11-26
13,38.8,0.4937,2025-11-27
13,38.25,0.5219,2025-11-28
13,38.04,0.597,2025-11-29
13,37.95,0.4995,2025-11-30
13,37.9,0.4613,2025-12-01
13,38.24,0.5632,2025-12-02
13,38.36,0.579,2025-12-03
13,36.96,0.6561,2025-12-04
13,36.35,0.5346,2025-12-05
13,35.38,0.5371,2025-12-06
13,35.46,0.5042,2025-12-07
13,35.57,0.6143,2025-12-08
13,35.72,0.456,2025-12-09
13,35.36,0.6491,2025-12-10
13,35.7,0.6397,2025-12-11
13,36.08,0.6435,2025-12-12
13,35.63,0.6102,2025-12-13
13,35.1,0.7226,2025-12-14
13,35.21,0.6689,2025-12-15
13,36.1,0.5482,2025-12-16
13,36.97,0.5455,2025-12-17
13,37.38,0.5167,2025-12-18
13,37.21,0.624,2025-12-19
13,37.78,0.4913,2025-12-20
13,37.76,0.6481,2025-12-21
13,37.6,0.6562,2025-12-22
13,36.82,0.4678,2025-12-23
13,37.07,0.5102,2025-12-24
13,36.99,0.5123,2025-12-25
13,37.24,0.5671,2025-12-26
13,36.41,0.6099,2025-12-27
13,36.69,0.3308,2025-12-28
13,35.82,0.4245,2025-12-29
13,36.49,0.413,2025-12-30
13,36.92,0.3068,2025-12-31
13,,0.3648,2026-01-01
13,37.45,0.4232,2026-01-02
13,37.2,0.3527,2026-01-03
13,37.42,0.2383,2026-01-04
13,,0.5796,2026-01-05
13,36.72,0.3598,2026-01-06
13,36.68,0.3376,2026-01-07
13,36.83,,2026-01-08
13,36.89,0.3338,2026-01-09
13,37.67,0.2942,2026-01-10
13,37.29,0.1522,2026-01-11
13,37.12,0.2152,2026-01-12
13,36.37,0.3636,2026-01-13
13,37.12,,2026-01-14
13,37.09,0.3327,2026-01-15
13,36.96,0.3956,2026-01-16
13,36.99,0.3005,2026-01-17
13,37.31,0.3132,2026-01-18
13,37.5,0.4159,2026-01-19
13,38.7,0.4716,2026-01-20
13,38.91,0.4537,2026-01-21
13,,0.2765,2026-01-22
13,38.39,0.3696,2026-01-23
13,38.17,0.4112,2026-01-24
13,37.43,0.3829,2026-01-25
13,37.38,0.4498,2026-01-26
13,37.65,0.5,2026-01-27
13,37.28,0.5302,2026-01-28
13,36.82,0.6005,2026-01-29
13,37.37,,2026-01-30
13,36.61,0.3872,2026-01-31
13,35.57,0.5397,2026-02-01
13,,0.6757,2026-02-02
13,34.15,0.5,2026-02-03
13,34.16,,2026-02-04
13,33.85,0.6171,2026-02-05
13,33.6,0.5867,2026-02-06
13,33.89,0.5805,2026-02-07
13,33.44,0.5132,2026-02-08
13,33.57,0.4101,2026-02-09
13,34.0,0.5078,2026-02-10
13,33.62,0.568,2026-02-11
13,33.73,0.6878,2026-02-12
13,33.45,0.5909,2026-02-13
13,33.63,0.5552,2026-02-14
13,32.81,0.5214,2026-02-15
13,31.99,0.6396,2026-02-16
13,31.66,0.6886,2026-02-17
13,,0.6564,2026-02-18
13,30.81,0.61,2026-02-19
13,30.57,0.4323,2026-02-20
13,30.68,0.51,2026-02-21
13,30.39,0.6808,2026-02-22
13,29.96,,2026-02-23
13,29.71,0.3734,2026-02-24
13,29.33,0.4767,2026-02-25
13,,0.4947,2026-02-26
13,28.25,0.389,2026-02-27
13,28.19,0.2496,2026-02-28
13,,0.4267,2026-03-01
13,28.2,0.3406,2026-03-02
13,,0.3263,2026-03-03
13,27.44,,2026-03-04
13,28.02,0.3511,2026-03-05
13,27.69,0.3489,2026-03-06
13,27.61,0.2678,2026-03-07
13,27.22,0.311,2026-03-08
13,26.8,0.1795,2026-03-09
13,27.33,0.3379,2026-03-10
13,27.44,0.0788,2026-03-11
13,27.54,,2026-03-12
13,27.04,0.3744,2026-03-13
13,27.24,0.2153,2026-03-14
13,27.7,0.3581,2026-03-15
13,28.18,0.3957,2026-03-16
13,28.52,0.0427,2026-03-17
13,28.25,0.3009,2026-03-18
13,28.48,0.09,2026-03-19
13,28.84,0.3192,2026-03-20
13,28.36,0.338,2026-03-21
13,28.12,0.151,2026-03-22
13,28.56,0.5158,2026-03-23
13,29.02,0.3979,2026-03-24
13,28.63,0.3211,2026-03-25
13,29.07,0.5209,2026-03-26
13,29.26,0.2752,2026-03-27
13,29.7,,2026-03-28
14,25.45,,2025-09-30
14,25.88,0.5039,2025-10-01
14,26.17,0.395,2025-10-02
14,26.85,0.5528,2025-10-03
14,26.66,0.7054,2025-10-04
14,27.05,0.6342,2025-10-05
14,27.36,0.5511,2025-10-06
14,27.42,0.5279,2025-10-07
14,27.47,0.5877,2025-10-08
14,27.9,0.4933,2025-10-09
14,28.3,,2025-10-10
14,27.93,0.4301,2025-10-11
14,28.64,0.6274,2025-10-12
14,29.13,0.5697,2025-10-13
14,29.12,0.6486,2025-10-14
14,28.93,0.6096,2025-10-15
14,29.38,0.5183,2025-10-16
14,29.62,0.6128,2025-10-17
14,29.93,0.5356,2025-10-18
14,30.18,0.7195,2025-10-19
14,30.65,0.5124,2025-10-20
14,30.99,0.5337,2025-10-21
14,,0.4804,2025-10-22
14,30.58,0.4624,2025-10-23
14,30.7,0.5406,2025-10-24
14,31.52,0.4254,2025-10-25
14,31.43,0.496,2025-10-26
14,31.52,0.5308,2025-10-27
14,31.81,0.4473,2025-10-28
14,31.58,0.2894,2025-10-29
14,31.8,0.5567,2025-10-30
14,31.72,0.4556,2025-10-31
14,32.1,0.4411,2025-11-01
14,31.63,0.3851,2025-11-02
14,32.38,0.4539,2025-11-03
14,,0.45,2025-11-04
14,32.2,0.4449,2025-11-05
14,32.06,,2025-11-06
14,31.5,0.2285,2025-11-07
14,31.66,0.3611,2025-11-08
14,31.4,0.3415,2025-11-09
14,31.44,0.2691,2025-11-10
14,30.97,0.2432,2025-11-11
14,30.7,,2025-11-12
14,30.43,0.2948,2025-11-13
14,30.46,0.2688,2025-11-14
14,30.4,,2025-11-15
14,30.17,0.357,2025-11-16
14,29.87,0.3421,2025-11-17
14,29.81,0.4104,2025-11-18
14,29.72,0.3465,2025-11-19
14,29.61,0.2723,2025-11-20
14,30.15,0.3074,2025-11-21
14,30.2,0.4082,2025-11-22
14,30.75,0.4118,2025-11-23
14,30.58,0.4107,2025-11-24
14,,0.298,2025-11-25
14,30.12,0.4687,2025-11-26
14,30.11,0.4136,2025-11-27
14,29.89,,2025-11-28
14,29.63,0.3836,2025-11-29
14,28.87,0.623,2025-11-30
14,29.31,0.501,2025-12-01
14,29.11,0.4629,2025-12-02
14,29.58,0.5627,2025-12-03
14,29.51,0.5936,2025-12-04
14,29.71,0.5889,2025-12-05
14,29.72,0.4708,2025-12-06
14,29.87,0.6529,2025-12-07
14,29.52,0.5438,2025-12-08
14,29.97,0.5786,2025-12-09
14,29.87,0.4103,2025-12-10
14,,0.5555,2025-12-11
14,29.79,,2025-12-12
14,29.59,0.6352,2025-12-13
14,29.8,0.558,2025-12-14
14,29.84,0.4695,2025-12-15
14,30.11,0.6162,2025-12-16
14,30.3,0.5726,2025-12-17
14,31.09,0.5287,2025-12-18
14,31.43,0.5869,2025-12-19
14,31.41,0.429,2025-12-20
14,31.42,0.6111,2025-12-21
14,32.03,0.5357,2025-12-22
14,31.61,0.5168,2025-12-23
14,31.99,,2025-12-24
14,31.74,0.4681,2025-12-25
14,32.34,0.517,2025-12-26
14,32.35,,2025-12-27
14,32.74,0.723,2025-12-28
14,32.93,0.4891,2025-12-29
14,32.57,0.343,2025-12-30
14,33.0,0.559,2025-12-31
14,32.89,0.4871,2026-01-01
14,33.38,0.3926,2026-01-02
14,33.15,0.34,2026-01-03
14,33.42,0.2557,2026-01-04
14,33.6,0.3841,2026-01-05
14,33.51,0.2845,2026-01-06
14,34.21,,2026-01-07
14,34.37,0.3821,2026-01-08
14,34.33,0.4366,2026-01-09
14,34.58,0.2692,2026-01-10
14,,0.3677,2026-01-11
14,35.21,0.3178,2026-01-12
14,34.84,0.3287,2026-01-13
14,35.16,,2026-01-14
14,35.26,0.2863,2026-01-15
14,35.82,0.2196,2026-01-16
14,35.95,0.2152,2026-01-17
14,35.71,0.3616,2026-01-18
14,34.94,0.2867,2026-01-19
14,34.21,0.2653,2026-01-20
14,34.11,0.2529,2026-01-21
14,34.66,0.2407,2026-01-22
14,33.94,0.2185,2026-01-23
14,34.66,0.3979,2026-01-24
14,,0.1935,2026-01-25
14,34.43,0.4565,2026-01-26
14,33.91,0.4715,2026-01-27
14,,0.4421,2026-01-28
14,33.45,0.4716,2026-01-29
14,33.33,0.4584,2026-01-30
14,33.18,0.5144,2026-01-31
14,32.86,0.5281,2026-02-01
14,32.8,,2026-02-02
14,32.99,0.6608,2026-02-03
14,32.79,0.6705,2026-02-04
14,32.38,0.4977,2026-02-05
14,32.61,0.632,2026-02-06
14,32.36,0.6204,2026-02-07
14,,0.5351,2026-02-08
14,32.19,0.5218,2026-02-09
14,32.44,0.5666,2026-02-10
14,32.73,0.5143,2026-02-11
14,33.02,0.4889,2026-02-12
14,32.62,0.639,2026-02-13
14,32.22,0.5993,2026-02-14
14,32.38,0.5949,2026-02-15
14,32.17,0.6612,2026-02-16
14,31.98,0.5642,2026-02-17
14,31.55,0.6378,2026-02-18
14,31.92,0.5024,2026-02-19
14,32.15,0.4908,2026-02-20
14,31.95,0.5393,2026-02-21
14,31.56,0.6947,2026-02-22
14,31.16,0.6138,2026-02-23
14,31.08,0.5842,2026-02-24
14,31.11,0.3714,2026-02-25
14,30.68,,2026-02-26
14,30.12,0.5157,2026-02-27
14,30.07,0.6011,2026-02-28
14,30.3,0.2841,2026-03-01
14,30.27,0.4621,2026-03-02
14,30.13,0.4741,2026-03-03
14,29.68,0.4111,2026-03-04
14,29.43,,2026-03-05
14,29.73,0.3699,2026-03-06
14,29.28,0.3728,2026-03-07
14,,0.3429,2026-03-08
14,29.97,0.2653,2026-03-09
14,29.44,0.2483,2026-03-10
14,29.67,0.3438,2026-03-11
14,29.89,0.2492,2026-03-12
14,29.8,0.2485,2026-03-13
14,30.22,0.2888,2026-03-14
14,30.1,0.3136,2026-03-15
14,30.43,0.3864,2026-03-16
14,30.53,0.2117,2026-03-17
14,30.56,,2026-03-18
14,31.18,0.2895,2026-03-19
14,31.7,0.1846,2026-03-20
14,31.43,,2026-03-21
14,31.73,0.1901,2026-03-22
14,32.62,0.4184,2026-03-23
14,33.34,0.4637,2026-03-24
14,33.15,0.4098,2026-03-25
14,33.97,0.2551,2026-03-26
14,34.55,0.4273,2026-03-27
14,34.3,0.3706,2026-03-28
15,199.7,0.4567,2025-09-30
15,198.84,0.5336,2025-10-01
15,204.79,0.3319,2025-10-02
15,207.2,0.4986,2025-10-03
15,205.95,0.5893,2025-10-04
15,204.11,0.4735,2025-10-05
15,208.22,,2025-10-06
15,206.63,0.5355,2025-10-07
15,212.21,,2025-10-08
15,206.1,0.4987,2025-10-09
15,210.5,0.7476,2025-10-10
15,212.57,0.5487,2025-10-11
15,213.65,0.5004,2025-10-12
15,213.92,,2025-10-13
15,219.45,0.6718,2025-10-14
15,221.93,0.6014,2025-10-15
15,220.06,0.638,2025-10-16
15,215.98,0.527,2025-10-17
15,216.82,0.7117,2025-10-18
15,217.13,0.632,2025-10-19
15,213.4,0.6637,2025-10-20
15,213.41,0.6006,2025-10-21
15,212.02,0.6275,2025-10-22
15,212.04,0.4805,2025-10-23
15,213.81,0.4989,2025-10-24
15,217.49,0.6327,2025-10-25
15,219.62,0.6358,2025-10-26
15,217.41,0.4046,2025-10-27
15,217.98,0.5012,2025-10-28
15,217.69,0.4312,2025-10-29
15,213.68,0.3942,2025-10-30
15,214.11,0.4571,2025-10-31
15,218.21,0.5101,2025-11-01
15,217.56,0.4398,2025-11-02
15,212.61,0.3634,2025-11-03
15,211.85,0.4162,2025-11-04
15,207.89,0.333,2025-11-05
15,209.12,0.3826,2025-11-06
15,209.46,0.4502,2025-11-07
15,208.02,0.1625,2025-11-08
15,206.15,0.3839,2025-11-09
15,204.57,0.1898,2025-11-10
15,203.5,0.4056,2025-11-11
15,200.53,0.2523,2025-11-12
15,196.1,0.2034,2025-11-13
15,197.68,0.3556,2025-11-14
15,195.67,0.33,2025-11-15
15,194.97,0.2233,2025-11-16
15,194.54,0.2071,2025-11-17
15,194.22,0.298,2025-11-18
15,190.44,0.2238,2025-11-19
15,185.62,0.2437,2025-11-20
15,183.35,0.3478,2025-11-21
15,183.3,0.2724,2025-11-22
15,180.82,0.396,2025-11-23
15,179.22,0.4942,2025-11-24
15,182.99,0.3771,2025-11-25
15,,0.4141,2025-11-26
15,175.91,0.5803,2025-11-27
15,179.29,0.3393,2025-11-28
15,178.62,0.5453,2025-11-29
15,176.61,0.5513,2025-11-30
15,178.65,0.5495,2025-12-01
15,178.4,0.5997,2025-12-02
15,177.36,0.5335,2025-12-03
15,177.54,0.4784,2025-12-04
15,175.99,0.6257,2025-12-05
15,173.77,0.641,2025-12-06
15,173.53,0.6499,2025-12-07
15,171.5,0.5749,2025-12-08
15,171.67,0.5226,2025-12-09
15,172.61,0.6023,2025-12-10
15,,0.668,2025-12-11
15,177.4,0.6787,2025-12-12
15,176.97,0.5648,2025-12-13
15,178.54,0.6252,2025-12-14
15,180.16,0.4945,2025-12-15
15,181.51,0.6755,2025-12-16
15,181.15,,2025-12-17
15,179.66,0.6499,2025-12-18
15,181.53,0.488,2025-12-19
15,178.64,0.6539,2025-12-20
15,178.93,0.5872,2025-12-21
15,174.32,0.4879,2025-12-22
15,172.42,0.5935,2025-12-23
15,171.52,0.4778,2025-12-24
15,,0.571,2025-12-25
15,177.15,0.4744,2025-12-26
15,176.95,0.3435,2025-12-27
15,179.5,0.3871,2025-12-28
15,182.43,0.4156,2025-12-29
15,183.1,0.5438,2025-12-30
15,181.05,0.4909,2025-12-31
15,181.58,,2026-01-01
15,182.33,0.5213,2026-01-02
15,180.57,0.3322,2026-01-03
15,182.28,0.3468,2026-01-04
15,,0.3167,2026-01-05
15,185.62,0.2848,2026-01-06
15,187.07,0.1813,2026-01-07
15,189.5,,2026-01-08
15,189.84,0.2101,2026-01-09
15,,0.3046,2026-01-10
15,190.73,0.4725,2026-01-11
15,189.98,0.2601,2026-01-12
15,193.57,0.3156,2026-01-13
15,189.28,0.3734,2026-01-14
15,191.68,0.3257,2026-01-15
15,190.59,0.3307,2026-01-16
15,189.14,0.284,2026-01-17
15,189.94,0.3015,2026-01-18
15,186.68,0.2518,2026-01-19
15,184.92,0.4062,2026-01-20
15,183.04,,2026-01-21
15,182.48,0.4395,2026-01-22
15,180.59,0.2627,2026-01-23
15,183.86,0.466,2026-01-24
15,187.56,0.3753,2026-01-25
15,182.69,0.3203,2026-01-26
15,183.49,0.4807,2026-01-27
15,184.93,0.5243,2026-01-28
15,185.62,0.4306,2026-01-29
15,183.58,0.5388,2026-01-30
15,182.43,0.3135,2026-01-31
15,180.13,0.4054,2026-02-01
15,178.52,0.6284,2026-02-02
15,175.19,0.5203,2026-02-03
15,174.17,0.4014,2026-02-04
15,170.24,0.5056,2026-02-05
15,169.01,0.4975,2026-02-06
15,,0.5666,2026-02-07
15,165.19,0.5574,2026-02-08
15,162.98,0.607,2026-02-09
15,162.66,0.5912,2026-02-10
15,163.87,0.708,2026-02-11
15,166.07,0.634,2026-02-12
15,160.13,0.6358,2026-02-13
15,157.64,0.6899,2026-02-14
15,156.2,0.5616,2026-02-15
15,156.19,0.4861,2026-02-16
15,152.27,0.6765,2026-02-17
15,149.67,0.5822,2026-02-18
15,149.13,0.5726,2026-02-19
15,148.53,0.4997,2026-02-20
15,148.48,0.4888,2026-02-21
15,148.58,0.5927,2026-02-22
15,148.54,0.5898,2026-02-23
15,148.27,0.5591,2026-02-24
15,147.8,0.5446,2026-02-25
15,148.46,0.5112,2026-02-26
15,144.01,0.4605,2026-02-27
15,146.27,0.4203,2026-02-28
15,142.05,0.5156,2026-03-01
15,139.92,0.3737,2026-03-02
15,139.31,0.4186,2026-03-03
15,140.26,0.3107,2026-03-04
15,,0.3091,2026-03-05
15,135.0,0.3307,2026-03-06
15,136.28,0.2742,2026-03-07
15,137.97,0.3925,2026-03-08
15,136.93,0.2123,2026-03-09
15,136.6,0.3209,2026-03-10
15,135.82,0.3179,2026-03-11
15,135.46,0.1584,2026-03-12
15,134.11,0.2655,2026-03-13
15,133.05,0.3205,2026-03-14
15,134.17,0.3351,2026-03-15
15,134.86,,2026-03-16
15,136.17,0.3615,2026-03-17
15,,0.3042,2026-03-18
15,138.85,0.3212,2026-03-19
15,140.97,0.3488,2026-03-20
15,138.69,0.4127,2026-03-21
15,137.96,0.2956,2026-03-22
15,138.3,0.3229,2026-03-23
15,139.0,0.3215,2026-03-24
15,138.63,0.3624,2026-03-25
15,140.93,,2026-03-26
15,145.08,0.4646,2026-03-27
15,146.22,0.3438,2026-03-28
16,254.16,0.5466,2025-09-30
16,,,2025-10-01
16,261.95,0.5422,2025-10-02
16,266.08,0.5385,2025-10-03
16,265.65,0.5576,2025-10-04
16,265.53,0.4291,2025-10-05
16,271.91,0.6313,2025-10-06
16,270.8,0.5722,2025-10-07
16,272.71,0.5235,2025-10-08
16,270.94,0.5613,2025-10-09
16,269.93,0.6089,2025-10-10
16,269.36,0.6015,2025-10-11
16,275.04,,2025-10-12
16,277.67,0.729,2025-10-13
16,281.35,0.5162,2025-10-14
16,276.01,0.66,2025-10-15
16,276.8,0.5906,2025-10-16
16,276.11,,2025-10-17
16,278.24,0.7227,2025-10-18
16,286.68,0.6027,2025-10-19
16,278.76,0.6296,2025-10-20
16,280.3,0.6686,2025-10-21
16,287.82,0.6413,2025-10-22
16,286.06,0.6509,2025-10-23
16,286.47,0.5143,2025-10-24
16,288.59,0.4836,2025-10-25
16,280.82,0.4201,2025-10-26
16,281.31,0.4807,2025-10-27
16,278.14,0.4745,2025-10-28
16,284.37,0.4542,2025-10-29
16,,0.4894,2025-10-30
16,279.78,0.4758,2025-10-31
16,281.75,0.4136,2025-11-01
16,282.44,0.4314,2025-11-02
16,284.44,0.4551,2025-11-03
16,,0.3111,2025-11-04
16,286.57,0.4365,2025-11-05
16,291.19,0.3007,2025-11-06
16,296.37,0.4537,2025-11-07
16,292.22,0.3419,2025-11-08
16,288.41,0.3252,2025-11-09
16,287.08,0.1698,2025-11-10
16,284.87,0.36,2025-11-11
16,289.14,0.3109,2025-11-12
16,284.58,,2025-11-13
16,,0.2926,2025-11-14
16,279.65,0.3508,2025-11-15
16,278.45,0.3693,2025-11-16
16,284.02,0.3461,2025-11-17
16,288.63,0.4183,2025-11-18
16,288.37,0.2626,2025-11-19
16,289.0,0.2812,2025-11-20
16,,0.3711,2025-11-21
16,286.63,0.4026,2025-11-22
16,291.8,,2025-11-23
16,295.05,0.272,2025-11-24
16,294.59,,2025-11-25
16,292.62,,2025-11-26
16,290.97,0.2757,2025-11-27
16,291.13,0.4552,2025-11-28
16,290.08,0.444,2025-11-29
16,293.22,0.3925,2025-11-30
16,294.18,0.437,2025-12-01
16,290.22,0.5051,2025-12-02
16,285.75,0.3915,2025-12-03
16,288.78,0.4767,2025-12-04
16,284.53,0.5171,2025-12-05
16,283.22,0.5264,2025-12-06
16,281.73,,2025-12-07
16,277.66,0.6801,2025-12-08
16,278.93,0.6558,2025-12-09
16,278.87,0.5356,2025-12-10
16,277.19,0.5097,2025-12-11
16,284.72,0.5637,2025-12-12
16,277.09,0.6974,2025-12-13
16,274.99,0.4298,2025-12-14
16,273.96,0.6059,2025-12-15
16,270.44,0.5721,2025-12-16
16,278.83,0.6885,2025-12-17
16,287.53,0.6655,2025-12-18
16,286.42,0.4625,2025-12-19
16,292.13,0.6671,2025-12-20
16,295.65,0.3748,2025-12-21
16,303.05,0.5994,2025-12-22
16,304.24,0.5943,2025-12-23
16,307.45,0.6598,2025-12-24
16,314.33,0.5292,2025-12-25
16,320.81,0.4432,2025-12-26
16,323.2,0.4005,2025-12-27
16,321.33,0.5825,2025-12-28
16,320.18,0.5858,2025-12-29
16,314.82,0.3984,2025-12-30
16,319.55,0.4206,2025-12-31
16,322.11,0.5127,2026-01-01
16,324.95,0.4505,2026-01-02
16,326.54,0.3601,2026-01-03
16,323.68,0.3011,2026-01-04
16,,0.2823,2026-01-05
16,330.38,,2026-01-06
16,328.39,0.2993,2026-01-07
16,329.65,0.2876,2026-01-08
16,328.38,0.3619,2026-01-09
16,328.73,0.3138,2026-01-10
16,325.35,0.3344,2026-01-11
16,325.31,0.2749,2026-01-12
16,332.58,0.2708,2026-01-13
16,331.39,0.2421,2026-01-14
16,329.38,0.36,2026-01-15
16,,0.3141,2026-01-16
16,327.23,0.3364,2026-01-17
16,334.63,0.2385,2026-01-18
16,340.52,,2026-01-19
16,340.06,0.3635,2026-01-20
16,337.44,0.4081,2026-01-21
16,330.19,0.3894,2026-01-22
16,326.34,0.3979,2026-01-23
16,318.27,0.2434,2026-01-24
16,,0.4947,2026-01-25
16,325.19,0.3132,2026-01-26
16,323.05,0.5173,2026-01-27
16,323.74,0.4442,2026-01-28
16,318.62,0.3371,2026-01-29
16,310.25,,2026-01-30
16,309.41,0.3763,2026-01-31
16,309.69,0.5996,2026-02-01
16,314.78,,2026-02-02
16,321.23,0.4549,2026-02-03
16,318.74,0.6032,2026-02-04
16,320.73,0.5581,2026-02-05
16,320.39,0.613,2026-02-06
16,318.79,0.5708,2026-02-07
16,,,2026-02-08
16,314.77,0.5605,2026-02-09
16,312.68,0.4707,2026-02-10
16,317.15,0.5116,2026-02-11
16,316.2,0.6348,2026-02-12
16,,,2026-02-13
16,315.78,0.6994,2026-02-14
16,303.35,0.499,2026-02-15
16,300.0,0.6685,2026-02-16
16,295.38,0.5453,2026-02-17
16,288.54,0.676,2026-02-18
16,291.52,,2026-02-19
16,285.4,0.5658,2026-02-20
16,286.01,0.5913,2026-02-21
16,291.57,0.6231,2026-02-22
16,286.29,0.5069,2026-02-23
16,284.32,0.3462,2026-02-24
16,287.84,,2026-02-25
16,285.4,0.444,2026-02-26
16,285.63,0.6548,2026-02-27
16,287.01,0.3861,2026-02-28
16,286.9,0.3883,2026-03-01
16,,0.4632,2026-03-02
16,281.63,0.4499,2026-03-03
16,277.58,0.4088,2026-03-04
16,279.33,0.317,2026-03-05
16,277.01,0.2568,2026-03-06
16,280.99,0.2844,2026-03-07
16,286.47,0.2073,2026-03-08
16,282.73,0.4852,2026-03-09
16,,,2026-03-10
16,293.14,0.2838,2026-03-11
16,290.73,0.3587,2026-03-12
16,295.64,,2026-03-13
16,298.48,0.2527,2026-03-14
16,302.88,0.2889,2026-03-15
16,301.18,0.2546,2026-03-16
16,309.25,0.287,2026-03-17
16,308.03,0.3442,2026-03-18
16,311.76,0.2372,2026-03-19
16,312.97,0.4151,2026-03-20
16,316.51,0.3443,2026-03-21
16,314.36,0.303,2026-03-22
16,311.34,,2026-03-23
16,314.09,0.4684,2026-03-24
16,314.41,0.4545,2026-03-25
16,314.63,0.4228,2026-03-26
16,318.46,0.3708,2026-03-27
16,314.5,0.4798,2026-03-28
17,,0.2562,2025-09-30
17,15.48,0.3373,2025-10-01
17,15.68,0.4376,2025-10-02
17,15.4,0.4349,2025-10-03
17,15.32,0.5026,2025-10-04
17,15.2,0.4637,2025-10-05
17,,0.5893,2025-10-06
17,15.25,0.4747,2025-10-07
17,15.51,0.4328,2025-10-08
17,,0.4363,2025-10-09
17,15.67,0.5887,2025-10-10
17,15.61,0.5394,2025-10-11
17,15.88,0.5934,2025-10-12
17,16.33,0.5958,2025-10-13
17,16.4,0.3876,2025-10-14
17,16.63,0.4588,2025-10-15
17,16.74,0.4675,2025-10-16
17,16.93,0.4814,2025-10-17
17,16.72,0.509,2025-10-18
17,16.65,0.617,2025-10-19
17,16.75,0.6258,2025-10-20
17,17.0,0.4979,2025-10-21
17,16.84,0.4914,2025-10-22
17,16.43,0.4439,2025-10-23
17,16.33,0.4953,2025-10-24
17,16.51,0.4912,2025-10-25
17,16.18,0.5255,2025-10-26
17,15.93,0.5102,2025-10-27
17,15.93,0.247,2025-10-28
17,15.88,0.4035,2025-10-29
17,15.95,0.5107,2025-10-30
17,15.67,0.3493,2025-10-31
17,15.56,0.46,2025-11-01
17,15.73,0.3291,2025-11-02
17,15.45,0.353,2025-11-03
17,15.66,0.234,2025-11-04
17,15.4,0.2239,2025-11-05
17,,0.3577,2025-11-06
17,15.34,0.3591,2025-11-07
17,15.06,0.2808,2025-11-08
17,14.89,0.1719,2025-11-09
17,14.91,0.2665,2025-11-10
17,14.83,0.3579,2025-11-11
17,14.95,0.3927,2025-11-12
17,15.13,0.2255,2025-11-13
17,14.83,0.1172,2025-11-14
17,14.52,0.3181,2025-11-15
17,14.22,0.2312,2025-11-16
17,13.98,0.3328,2025-11-17
17,14.09,0.2855,2025-11-18
17,14.11,,2025-11-19
17,13.94,0.2833,2025-11-20
17,13.87,0.3932,2025-11-21
17,14.03,,2025-11-22
17,14.28,0.229,2025-11-23
17,14.26,0.1979,2025-11-24
17,13.75,0.2772,2025-11-25
17,13.74,0.3208,2025-11-26
17,13.84,0.4344,2025-11-27
17,13.83,0.2947,2025-11-28
17,13.9,0.5243,2025-11-29
17,13.92,0.3087,2025-11-30
17,13.69,0.6177,2025-12-01
17,13.51,0.5844,2025-12-02
17,13.44,0.4723,2025-12-03
17,13.59,0.3432,2025-12-04
17,13.46,0.4837,2025-12-05
17,13.52,0.4694,2025-12-06
17,13.57,,2025-12-07
17,13.84,,2025-12-08
17,13.84,0.464,2025-12-09
17,13.57,0.4798,2025-12-10
17,13.7,0.5264,2025-12-11
17,14.08,0.5007,2025-12-12
17,14.23,,2025-12-13
17,14.14,0.5071,2025-12-14
17,14.0,0.5844,2025-12-15
17,13.89,0.5584,2025-12-16
17,14.27,0.5709,2025-12-17
17,14.28,0.5714,2025-12-18
17,14.23,,2025-12-19
17,14.26,0.5427,2025-12-20
17,14.28,0.5295,2025-12-21
17,14.62,0.505,2025-12-22
17,14.52,0.4771,2025-12-23
17,14.8,0.4021,2025-12-24
17,14.91,0.4561,2025-12-25
17,15.2,,2025-12-26
17,15.58,0.4634,2025-12-27
17,15.68,0.4301,2025-12-28
17,15.71,0.3814,2025-12-29
17,15.81,0.3798,2025-12-30
17,15.88,0.3245,2025-12-31
17,15.65,0.3787,2026-01-01
17,16.03,0.3213,2026-01-02
17,16.16,0.3394,2026-01-03
17,16.01,0.3919,2026-01-04
17,,0.2429,2026-01-05
17,15.32,0.3363,2026-01-06
17,15.53,0.2813,2026-01-07
17,15.48,0.4318,2026-01-08
17,15.46,,2026-01-09
17,15.61,0.313,2026-01-10
17,15.56,0.2545,2026-01-11
17,15.71,0.1398,2026-01-12
17,15.78,0.2083,2026-01-13
17,15.8,0.3213,2026-01-14
17,15.53,0.2187,2026-01-15
17,15.41,0.0797,2026-01-16
17,15.54,0.2605,2026-01-17
17,15.43,0.1827,2026-01-18
17,15.67,0.2892,2026-01-19
17,16.11,0.4126,2026-01-20
17,16.24,0.3612,2026-01-21
17,16.52,0.4348,2026-01-22
17,16.65,0.2801,2026-01-23
17,16.53,0.3275,2026-01-24
17,16.55,0.2701,2026-01-25
17,16.92,0.3141,2026-01-26
17,16.77,0.3102,2026-01-27
17,16.52,0.2955,2026-01-28
17,16.25,0.5249,2026-01-29
17,16.16,,2026-01-30
17,15.91,0.556,2026-01-31
17,16.17,0.5607,2026-02-01
17,16.15,0.515,2026-02-02
17,16.27,0.399,2026-02-03
17,16.14,0.3738,2026-02-04
17,15.85,,2026-02-05
17,15.52,0.5714,2026-02-06
17,15.28,0.5301,2026-02-07
17,15.26,,2026-02-08
17,15.27,0.6345,2026-02-09
17,15.3,0.6815,2026-02-10
17,14.95,0.5311,2026-02-11
17,14.86,0.5587,2026-02-12
17,14.6,0.4285,2026-02-13
17,14.59,0.5136,2026-02-14
17,14.59,0.5835,2026-02-15
17,14.3,0.5654,2026-02-16
17,14.39,0.4893,2026-02-17
17,14.72,0.4994,2026-02-18
17,14.79,0.4757,2026-02-19
17,14.68,0.4781,2026-02-20
17,14.56,0.522,2026-02-21
17,14.45,0.3176,2026-02-22
17,14.26,0.4551,2026-02-23
17,14.24,0.4744,2026-02-24
17,14.0,0.3855,2026-02-25
17,13.63,0.3773,2026-02-26
17,13.62,0.364,2026-02-27
17,13.59,0.346,2026-02-28
17,13.46,0.3693,2026-03-01
17,13.23,0.364,2026-03-02
17,13.25,0.1709,2026-03-03
17,13.08,0.3772,2026-03-04
17,13.05,0.2886,2026-03-05
17,13.32,0.4543,2026-03-06
17,13.42,0.1932,2026-03-07
17,13.2,0.2093,2026-03-08
17,13.01,0.2539,2026-03-09
17,13.05,0.296,2026-03-10
17,12.86,0.1013,2026-03-11
17,12.58,0.1869,2026-03-12
17,12.69,0.2981,2026-03-13
17,12.77,0.1742,2026-03-14
17,12.88,0.3604,2026-03-15
17,12.97,,2026-03-16
17,13.01,0.1854,2026-03-17
17,12.96,0.3118,2026-03-18
17,13.1,0.3987,2026-03-19
17,13.4,0.312,2026-03-20
17,13.38,0.3894,2026-03-21
17,13.29,0.4338,2026-03-22
17,13.17,0.2381,2026-03-23
17,13.11,,2026-03-24
17,,0.2171,2026-03-25
17,12.94,0.3876,2026-03-26
17,13.08,0.3631,2026-03-27
17,13.26,0.4838,2026-03-28
18,49.73,0.3369,2025-09-30
18,,0.4208,2025-10-01
18,50.89,0.3198,2025-10-02
18,50.95,0.4081,2025-10-03
18,51.9,0.5039,2025-10-04
18,51.91,0.4958,2025-10-05
18,52.25,0.4974,2025-10-06
18,53.86,0.4297,2025-10-07
18,54.19,,2025-10-08
18,54.38,0.5974,2025-10-09
18,54.7,0.6654,2025-10-10
18,54.7,0.581,2025-10-11
18,54.24,0.5289,2025-10-12
18,55.77,0.6447,2025-10-13
18,55.67,0.4818,2025-10-14
18,54.81,0.6342,2025-10-15
18,54.84,0.5014,2025-10-16
18,55.19,0.5029,2025-10-17
18,,0.516,2025-10-18
18,55.2,0.5289,2025-10-19
18,55.15,0.6031,2025-10-20
18,55.47,0.417,2025-10-21
18,56.03,0.4631,2025-10-22
18,55.91,0.5171,2025-10-23
18,57.62,0.5328,2025-10-24
18,58.3,0.3386,2025-10-25
18,58.23,0.3978,2025-10-26
18,57.23,0.3065,2025-10-27
18,57.21,0.3752,2025-10-28
18,57.64,0.3807,2025-10-29
18,58.07,0.4402,2025-10-30
18,56.62,0.201,2025-10-31
18,56.53,0.4211,2025-11-01
18,56.01,0.3129,2025-11-02
18,56.81,0.3117,2025-11-03
18,56.67,0.4027,2025-11-04
18,54.88,0.4194,2025-11-05
18,54.88,,2025-11-06
18,,0.2356,2025-11-07
18,53.38,0.2503,2025-11-08
18,54.76,0.2168,2025-11-09
18,55.37,0.1482,2025-11-10
18,55.24,,2025-11-11
18,54.51,0.2005,2025-11-12
18,55.04,0.2587,2025-11-13
18,55.15,0.3867,2025-11-14
18,54.67,0.2424,2025-11-15
18,54.01,0.1928,2025-11-16
18,53.13,0.2356,2025-11-17
18,53.07,0.2733,2025-11-18
18,52.52,0.2569,2025-11-19
18,52.34,0.2336,2025-11-20
18,52.65,0.156,2025-11-21
18,52.11,0.3503,2025-11-22
18,52.26,0.2404,2025-11-23
18,52.78,,2025-11-24
18,,0.3095,2025-11-25
18,53.02,0.3123,2025-11-26
18,53.08,0.3311,2025-11-27
18,52.9,0.3963,2025-11-28
18,53.26,0.3307,2025-11-29
18,54.14,0.3617,2025-11-30
18,54.56,0.481,2025-12-01
18,54.32,0.3649,2025-12-02
18,54.12,0.5049,2025-12-03
18,53.97,,2025-12-04
18,54.54,0.5416,2025-12-05
18,54.17,0.5191,2025-12-06
18,53.5,0.3671,2025-12-07
18,53.83,0.4245,2025-12-08
18,53.89,0.4215,2025-12-09
18,54.92,0.5068,2025-12-10
18,53.52,,2025-12-11
18,,0.4514,2025-12-12
18,53.63,0.5354,2025-12-13
18,54.31,0.6047,2025-12-14
18,54.3,0.4693,2025-12-15
18,54.11,0.4812,2025-12-16
18,54.93,0.6371,2025-12-17
18,56.0,0.4628,2025-12-18
18,56.18,0.5573,2025-12-19
18,56.39,0.6205,2025-12-20
18,57.53,0.417,2025-12-21
18,58.62,0.4118,2025-12-22
18,59.66,0.4696,2025-12-23
18,59.69,0.4804,2025-12-24
18,59.54,0.4097,2025-12-25
18,61.04,0.6041,2025-12-26
18,61.83,0.4743,2025-12-27
18,61.63,0.3513,2025-12-28
18,61.89,0.2907,2025-12-29
18,,0.3793,2025-12-30
18,62.57,0.4039,2025-12-31
18,62.69,0.5009,2026-01-01
18,63.95,0.3451,2026-01-02
18,,,2026-01-03
18,66.78,,2026-01-04
18,,0.3293,2026-01-05
18,68.57,0.3699,2026-01-06
18,70.04,0.1357,2026-01-07
18,70.63,0.2761,2026-01-08
18,,0.1814,2026-01-09
18,72.96,0.1487,2026-01-10
18,73.61,0.3888,2026-01-11
18,73.3,0.3218,2026-01-12
18,73.17,0.2015,2026-01-13
18,73.05,0.2379,2026-01-14
18,74.29,0.2279,2026-01-15
18,74.61,0.1673,2026-01-16
18,72.51,0.2197,2026-01-17
18,72.67,0.3328,2026-01-18
18,71.87,0.2334,2026-01-19
18,71.52,0.3257,2026-01-20
18,72.5,0.255,2026-01-21
18,71.31,0.2171,2026-01-22
18,70.21,0.4206,2026-01-23
18,68.73,0.1686,2026-01-24
18,68.32,0.4964,2026-01-25
18,66.81,0.4486,2026-01-26
18,65.39,0.3989,2026-01-27
18,65.05,0.3643,2026-01-28
18,65.11,0.3862,2026-01-29
18,64.2,,2026-01-30
18,64.26,0.4611,2026-01-31
18,64.11,0.3843,2026-02-01
18,64.27,0.4804,2026-02-02
18,63.21,0.5089,2026-02-03
18,64.42,0.4763,2026-02-04
18,63.25,0.6906,2026-02-05
18,62.47,0.5106,2026-02-06
18,62.54,0.3888,2026-02-07
18,62.31,,2026-02-08
18,62.61,0.5989,2026-02-09
18,62.03,0.4889,2026-02-10
18,60.79,0.4697,2026-02-11
18,59.34,0.6616,2026-02-12
18,60.27,0.5628,2026-02-13
18,59.72,0.4986,2026-02-14
18,59.27,0.3212,2026-02-15
18,60.21,0.5867,2026-02-16
18,59.53,0.5311,2026-02-17
18,59.23,,2026-02-18
18,58.2,0.4239,2026-02-19
18,56.99,0.4705,2026-02-20
18,58.0,,2026-02-21
18,59.05,0.5755,2026-02-22
18,59.51,0.4817,2026-02-23
18,59.97,0.3898,2026-02-24
18,60.28,0.535,2026-02-25
18,59.54,0.3907,2026-02-26
18,59.56,,2026-02-27
18,59.03,0.4444,2026-02-28
18,57.06,0.4939,2026-03-01
18,57.7,0.3832,2026-03-02
18,57.99,0.546,2026-03-03
18,57.0,0.3178,2026-03-04
18,56.71,0.3353,2026-03-05
18,57.4,0.2501,2026-03-06
18,57.49,0.3143,2026-03-07
18,56.34,0.3024,2026-03-08
18,55.57,0.3538,2026-03-09
18,56.88,0.2985,2026-03-10
18,57.02,0.2152,2026-03-11
18,57.86,0.2738,2026-03-12
18,59.29,0.197,2026-03-13
18,59.13,0.294,2026-03-14
18,59.56,0.2061,2026-03-15
18,58.36,,2026-03-16
18,58.16,0.1669,2026-03-17
18,58.8,,2026-03-18
18,58.93,0.2279,2026-03-19
18,59.52,0.2109,2026-03-20
18,60.48,0.2868,2026-03-21
18,61.19,0.2683,2026-03-22
18,61.75,0.3531,2026-03-23
18,62.23,0.3556,2026-03-24
18,62.14,0.3131,2026-03-25
18,61.79,0.453,2026-03-26
18,63.15,0.2947,2026-03-27
18,64.11,0.4648,2026-03-28
19,60.7,0.4349,2025-09-30
19,60.75,0.4908,2025-10-01
19,60.54,0.3922,2025-10-02
19,59.22,0.4899,2025-10-03
19,58.87,0.5876,2025-10-04
19,58.5,0.3743,2025-10-05
19,58.91,0.5166,2025-10-06
19,58.76,0.5668,2025-10-07
19,60.56,0.5039,2025-10-08
19,60.06,0.6204,2025-10-09
19,61.33,0.7058,2025-10-10
19,61.73,0.5645,2025-10-11
19,62.56,0.524,2025-10-12
19,63.33,0.6249,2025-10-13
19,61.84,0.6165,2025-10-14
19,62.0,,2025-10-15
19,61.95,0.549,2025-10-16
19,61.24,0.5152,2025-10-17
19,61.69,0.5744,2025-10-18
19,63.05,0.5215,2025-10-19
19,61.09,,2025-10-20
19,60.74,0.4523,2025-10-21
19,59.86,0.5702,2025-10-22
19,59.91,0.6328,2025-10-23
19,59.65,0.4204,2025-10-24
19,59.18,0.3632,2025-10-25
19,59.6,,2025-10-26
19,60.69,0.4441,2025-10-27
19,62.51,0.5249,2025-10-28
19,61.83,0.3173,2025-10-29
19,60.33,0.357,2025-10-30
19,60.57,0.2125,2025-10-31
19,61.55,0.4788,2025-11-01
19,61.94,0.3737,2025-11-02
19,62.9,0.3019,2025-11-03
19,62.48,0.2192,2025-11-04
19,61.77,0.2134,2025-11-05
19,61.58,0.3328,2025-11-06
19,61.05,0.1999,2025-11-07
19,61.24,0.287,2025-11-08
19,61.64,0.4335,2025-11-09
19,62.09,,2025-11-10
19,62.14,0.1804,2025-11-11
19,61.99,0.2838,2025-11-12
19,62.24,0.1528,2025-11-13
19,60.43,0.3876,2025-11-14
19,60.25,0.3631,2025-11-15
19,59.95,0.2401,2025-11-16
19,59.77,0.1856,2025-11-17
19,59.38,0.2289,2025-11-18
19,59.36,0.2464,2025-11-19
19,58.64,0.3093,2025-11-20
19,59.12,0.3717,2025-11-21
19,59.16,0.2167,2025-11-22
19,58.98,0.3927,2025-11-23
19,58.22,0.3744,2025-11-24
19,58.53,0.2984,2025-11-25
19,58.43,0.2667,2025-11-26
19,57.68,0.3781,2025-11-27
19,57.44,0.2996,2025-11-28
19,57.69,0.4819,2025-11-29
19,57.91,0.3258,2025-11-30
19,58.11,0.475,2025-12-01
19,58.05,,2025-12-02
19,58.67,,2025-12-03
19,59.46,,2025-12-04
19,59.94,0.5746,2025-12-05
19,,0.405,2025-12-06
19,58.74,0.4785,2025-12-07
19,58.38,0.4612,2025-12-08
19,59.8,0.5268,2025-12-09
19,60.07,0.4823,2025-12-10
19,61.71,0.4012,2025-12-11
19,61.75,0.4623,2025-12-12
19,61.71,0.6802,2025-12-13
19,61.83,0.5697,2025-12-14
19,61.95,0.5662,2025-12-15
19,61.6,0.5241,2025-12-16
19,60.98,,2025-12-17
19,61.6,0.5026,2025-12-18
19,62.65,0.5721,2025-12-19
19,64.79,0.5294,2025-12-20
19,64.77,0.4178,2025-12-21
19,64.82,,2025-12-22
19,64.55,0.2915,2025-12-23
19,65.77,0.5081,2025-12-24
19,66.78,0.3483,2025-12-25
19,66.44,0.4387,2025-12-26
19,66.09,0.3356,2025-12-27
19,67.22,0.4159,2025-12-28
19,67.91,0.4463,2025-12-29
19,68.91,0.5045,2025-12-30
19,68.56,0.2455,2025-12-31
19,67.38,0.4317,2026-01-01
19,67.03,0.3495,2026-01-02
19,67.93,0.2889,2026-01-03
19,70.0,0.3726,2026-01-04
19,,,2026-01-05
19,72.23,0.3459,2026-01-06
19,73.27,0.1993,2026-01-07
19,72.35,0.2195,2026-01-08
19,72.82,0.3385,2026-01-09
19,73.84,0.3762,2026-01-10
19,,0.2505,2026-01-11
19,72.72,,2026-01-12
19,73.95,,2026-01-13
19,74.48,0.2534,2026-01-14
19,74.58,0.2347,2026-01-15
19,,0.2842,2026-01-16
19,74.46,0.2248,2026-01-17
19,73.49,0.3372,2026-01-18
19,72.94,0.1853,2026-01-19
19,72.6,0.3875,2026-01-20
19,72.7,0.4236,2026-01-21
19,72.18,0.2388,2026-01-22
19,71.38,0.2519,2026-01-23
19,71.95,0.3718,2026-01-24
19,72.17,0.2587,2026-01-25
19,71.58,0.3294,2026-01-26
19,71.86,0.4725,2026-01-27
19,71.29,0.459,2026-01-28
19,71.15,0.5741,2026-01-29
19,71.76,0.4448,2026-01-30
19,71.0,0.3975,2026-01-31
19,69.74,0.4651,2026-02-01
19,69.35,0.463,2026-02-02
19,67.93,0.4772,2026-02-03
19,67.4,0.4985,2026-02-04
19,66.87,0.4369,2026-02-05
19,64.57,0.5439,2026-02-06
19,64.66,0.4172,2026-02-07
19,64.18,0.4797,2026-02-08
19,64.75,0.5331,2026-02-09
19,64.57,0.366,2026-02-10
19,64.78,0.6107,2026-02-11
19,65.34,0.3857,2026-02-12
19,64.87,0.6027,2026-02-13
19,64.51,0.4433,2026-02-14
19,,0.5103,2026-02-15
19,63.52,0.5786,2026-02-16
19,,,2026-02-17
19,61.97,,2026-02-18
19,62.2,0.3529,2026-02-19
19,60.27,0.5767,2026-02-20
19,59.67,0.4696,2026-02-21
19,60.04,0.4806,2026-02-22
19,59.46,0.5056,2026-02-23
19,58.71,0.2683,2026-02-24
19,58.19,0.4317,2026-02-25
19,56.59,0.3829,2026-02-26
19,,0.4977,2026-02-27
19,56.65,0.4425,2026-02-28
19,56.33,0.2387,2026-03-01
19,56.03,0.4547,2026-03-02
19,55.95,0.375,2026-03-03
19,56.32,0.2012,2026-03-04
19,56.23,0.3163,2026-03-05
19,55.29,0.3824,2026-03-06
19,55.67,0.1914,2026-03-07
19,56.03,0.3889,2026-03-08
19,56.21,0.1491,2026-03-09
19,,0.1997,2026-03-10
19,57.13,0.1819,2026-03-11
19,58.01,0.3634,2026-03-12
19,59.13,0.2115,2026-03-13
19,59.71,0.157,2026-03-14
19,59.37,,2026-03-15
19,59.48,0.3062,2026-03-16
19,60.6,0.3107,2026-03-17
19,59.75,0.2413,2026-03-18
19,59.73,,2026-03-19
19,59.76,0.2266,2026-03-20
19,59.43,0.4225,2026-03-21
19,60.36,0.3912,2026-03-22
19,60.95,0.3985,2026-03-23
19,,0.3885,2026-03-24
19,61.52,0.3806,2026-03-25
19,61.75,0.2541,2026-03-26
19,61.43,,2026-03-27
19,61.25,0.3935,2026-03-28
20,91.63,0.2974,2025-09-30
20,92.42,0.4502,2025-10-01
20,94.3,0.439,2025-10-02
20,93.92,0.5544,2025-10-03
20,92.08,0.5086,2025-10-04
20,91.48,0.3712,2025-10-05
20,,0.4512,2025-10-06
20,92.53,0.3315,2025-10-07
20,94.04,0.5349,2025-10-08
20,92.77,0.7446,2025-10-09
20,91.52,,2025-10-10
20,92.72,0.5531,2025-10-11
20,91.46,0.5413,2025-10-12
20,91.47,0.5752,2025-10-13
20,91.78,0.5367,2025-10-14
20,91.32,0.5994,2025-10-15
20,92.18,0.4874,2025-10-16
20,90.09,0.4882,2025-10-17
20,92.23,0.4393,2025-10-18
20,92.0,0.5344,2025-10-19
20,91.91,0.4414,2025-10-20
20,94.95,0.6376,2025-10-21
20,93.43,0.477,2025-10-22
20,92.26,0.3428,2025-10-23
20,93.78,0.3973,2025-10-24
20,91.96,0.4858,2025-10-25
20,92.41,,2025-10-26
20,91.6,0.4747,2025-10-27
20,89.67,0.3654,2025-10-28
20,,,2025-10-29
20,90.42,0.3449,2025-10-30
20,90.18,0.4297,2025-10-31
20,92.13,0.3781,2025-11-01
20,90.97,0.3179,2025-11-02
20,,0.2862,2025-11-03
20,91.58,0.2832,2025-11-04
20,92.26,0.3125,2025-11-05
20,91.29,0.4069,2025-11-06
20,89.36,0.3035,2025-11-07
20,88.2,0.2517,2025-11-08
20,87.69,0.2369,2025-11-09
20,87.95,,2025-11-10
20,87.5,0.3233,2025-11-11
20,87.25,0.3316,2025-11-12
20,88.57,0.3106,2025-11-13
20,88.05,0.246,2025-11-14
20,87.0,0.3466,2025-11-15
20,86.97,0.1359,2025-11-16
20,84.71,0.3814,2025-11-17
20,82.51,0.3223,2025-11-18
20,81.93,0.309,2025-11-19
20,80.58,0.2181,2025-11-20
20,,0.363,2025-11-21
20,80.06,0.3912,2025-11-22
20,,0.2555,2025-11-23
20,79.74,0.2711,2025-11-24
20,79.47,0.2563,2025-11-25
20,78.74,0.3975,2025-11-26
20,79.23,0.361,2025-11-27
20,,0.5541,2025-11-28
20,80.4,0.2773,2025-11-29
20,81.08,0.346,2025-11-30
20,,0.4321,2025-12-01
20,80.09,0.4996,2025-12-02
20,,0.5106,2025-12-03
20,79.81,,2025-12-04
20,79.1,0.5164,2025-12-05
20,80.61,0.5098,2025-12-06
20,82.19,0.5954,2025-12-07
20,82.11,0.4769,2025-12-08
20,83.19,0.4945,2025-12-09
20,83.86,0.5922,2025-12-10
20,83.5,0.6684,2025-12-11
20,84.09,0.496,2025-12-12
20,83.51,0.5685,2025-12-13
20,82.86,0.5197,2025-12-14
20,83.6,0.5936,2025-12-15
20,84.38,0.4154,2025-12-16
20,87.45,0.515,2025-12-17
20,87.64,,2025-12-18
20,87.47,0.5025,2025-12-19
20,88.85,0.3182,2025-12-20
20,89.25,0.6734,2025-12-21
20,89.01,,2025-12-22
20,88.84,0.5263,2025-12-23
20,89.13,0.3715,2025-12-24
20,90.75,0.3614,2025-12-25
20,91.72,0.4574,2025-12-26
20,91.31,0.4865,2025-12-27
20,93.85,0.3296,2025-12-28
20,93.35,0.3114,2025-12-29
20,93.04,0.2807,2025-12-30
20,94.86,0.386,2025-12-31
20,97.09,,2026-01-01
20,98.02,0.4421,2026-01-02
20,97.0,,2026-01-03
20,97.61,0.3552,2026-01-04
20,96.47,0.4232,2026-01-05
20,99.81,0.294,2026-01-06
20,100.6,0.1354,2026-01-07
20,101.99,0.3021,2026-01-08
20,101.94,0.2433,2026-01-09
20,104.53,0.254,2026-01-10
20,104.26,0.3802,2026-01-11
20,103.5,0.2549,2026-01-12
20,104.17,0.2911,2026-01-13
20,105.52,,2026-01-14
20,108.45,0.2308,2026-01-15
20,110.75,0.3472,2026-01-16
20,112.5,0.2739,2026-01-17
20,111.69,0.2929,2026-01-18
20,110.82,0.3587,2026-01-19
20,109.7,0.4189,2026-01-20
20,109.5,0.2072,2026-01-21
20,106.95,0.2725,2026-01-22
20,108.62,0.4416,2026-01-23
20,107.17,0.4984,2026-01-24
20,105.54,0.3327,2026-01-25
20,104.84,0.3905,2026-01-26
20,102.93,0.4124,2026-01-27
20,103.48,0.4187,2026-01-28
20,101.99,,2026-01-29
20,102.29,0.5404,2026-01-30
20,,0.3023,2026-01-31
20,102.02,0.4086,2026-02-01
20,100.75,0.5261,2026-02-02
20,99.36,0.4485,2026-02-03
20,97.64,0.5233,2026-02-04
20,96.69,0.5984,2026-02-05
20,96.3,0.6494,2026-02-06
20,94.23,0.5521,2026-02-07
20,93.02,0.6562,2026-02-08
20,92.7,,2026-02-09
20,92.24,0.5224,2026-02-10
20,88.8,0.4257,2026-02-11
20,88.98,0.4697,2026-02-12
20,89.79,0.5496,2026-02-13
20,88.68,0.5488,2026-02-14
20,86.35,0.561,2026-02-15
20,85.09,0.684,2026-02-16
20,83.82,0.59,2026-02-17
20,84.57,0.5857,2026-02-18
20,83.03,0.6577,2026-02-19
20,82.26,0.4719,2026-02-20
20,83.51,0.4475,2026-02-21
20,,,2026-02-22
20,83.11,0.4999,2026-02-23
20,82.67,0.4428,2026-02-24
20,83.32,0.4263,2026-02-25
20,83.43,0.4019,2026-02-26
20,85.02,0.3919,2026-02-27
20,,0.3841,2026-02-28
20,86.89,0.345,2026-03-01
20,86.67,0.3981,2026-03-02
20,86.7,0.3987,2026-03-03
20,86.0,0.2798,2026-03-04
20,86.06,0.384,2026-03-05
20,84.54,0.1979,2026-03-06
20,83.82,0.3288,2026-03-07
20,84.64,0.3229,2026-03-08
20,85.26,0.2634,2026-03-09
20,85.24,0.2676,2026-03-10
20,85.81,0.2387,2026-03-11
20,87.54,0.2127,2026-03-12
20,87.35,,2026-03-13
20,86.09,0.2063,2026-03-14
20,,0.342,2026-03-15
20,87.88,0.0851,2026-03-16
20,89.02,0.2466,2026-03-17
20,88.1,0.1109,2026-03-18
20,86.9,,2026-03-19
20,87.58,,2026-03-20
20,88.21,0.3957,2026-03-21
20,88.28,0.3919,2026-03-22
20,90.28,0.3176,2026-03-23
20,90.75,0.3301,2026-03-24
20,92.59,0.422,2026-03-25
20,94.09,0.4442,2026-03-26
20,93.37,0.3228,2026-03-27
20,92.9,0.4381,2026-03-28
